log_n_H2,T_cloud,log_N_dv,clump_dv,XNH3,numberdensity,radius_sphere,N_NH3_target,vturb,A_10,A_12,A_MAIN,A_21,A_01,R_01_MAIN,R_10_MAIN,R_21_MAIN,R_12_MAIN,I_10,I_12,I_MAIN,I_21,I_01,RI_01_MAIN,RI_10_MAIN,RI_21_MAIN,RI_12_MAIN,HIA_IS,HIA_OS,CEN_MAIN,SIG_MAIN,FWHM_MAIN,A_MAIN_22,R_22_MAIN,A_MAIN_21,R_21_11,detected_21,tau_main,halting_iter,final_convergence,convergence_ok,nrays,resolution,max_NLTE,npoints,nboundary,spectrum,fov_pad_factor,wall_s,Status,Error_Msg
3.5,18.0,14.0,0.3,1e-08,3162.2776601683795,4.743416490252569e+17,30000000000000.0,180.16836131796748,0.060999283622122966,0.08539338239080133,0.2802740644516001,0.08352545005498033,0.06717534307128004,0.239677342970421,0.21764155645823874,0.2980134826902764,0.30467814622051026,0.024555175616947627,0.03446552346393805,0.11802472912757846,0.03374220489611664,0.02702567698257089,0.22898317312262223,0.20805110758106285,0.285890975099321,0.2920195091206916,0.9790132719563004,1.1006102096015213,0.10359430793542182,0.16799647400142714,0.39560146447308137,0.0256147518407154,0.09139180213065615,0.0017295412824923416,0.006170893071667044,False,0.30161525642468767,23,100.0,True,12,10,250,377,216,integrated,1.15,284.3,SUCCESS,
3.5,18.0,14.225,0.3,1e-08,3162.2776601683795,7.963266663464819e+17,50364120543676.77,180.16836131796748,0.09734724903888244,0.1426841291992592,0.42742799861666936,0.13796353351395102,0.11343667175179513,0.2653936385050167,0.22775122208638104,0.3227760791535816,0.33382026835172945,0.039596080659813,0.05824833151698392,0.1868623410714217,0.05641146075749597,0.046068710645185175,0.24653822905695588,0.21189973556351177,0.30188779844053565,0.31171787307706106,0.968464834757501,1.1634664309576832,0.10358289944141535,0.17440899685899985,0.41070180183731275,0.0416731147931734,0.09749739120517263,0.001741503961217994,0.004074379701035516,False,0.49789851637348037,28,100.0,True,12,10,250,377,216,integrated,1.15,347.8,SUCCESS,
3.5,18.0,14.45,0.3,1e-08,3162.2776601683795,1.3368764072006162e+18,84551487937933.48,180.16836131796748,0.15287021057421993,0.23784120507533973,0.6219617637762078,0.22674607893071494,0.19228704061298457,0.30916215724504353,0.24578715200445211,0.3645659462312251,0.3824048662273055,0.06326872487269158,0.09885426449025889,0.2877053052289959,0.09449965416000866,0.07926291493576987,0.2755003592049907,0.21990809249184173,0.32845989435194006,0.3435955566115714,0.9559491909357201,1.252797730557421,0.10351101267442045,0.1845415863746647,0.4345622267368707,0.06772192777693943,0.10888439084385082,0.0017476545131725808,0.002809906677480926,False,0.8187309878993986,35,99.97789566755084,True,12,10,250,377,216,integrated,1.15,456.0,SUCCESS,
3.5,18.0,14.675,0.3,1e-08,3162.2776601683795,2.2443534841416538e+18,141945377688444.38,180.16836131796748,0.22983376387319357,0.38473463316640905,0.8278407375446472,0.3610884783855535,0.3181341617521336,0.38429391949919106,0.27763041059669785,0.4361810937892861,0.4647447458402704,0.0980017507436445,0.16456960595356515,0.41677182851885347,0.15514359719519785,0.13432476119957343,0.32229808256701065,0.2351448539406526,0.372250681497729,0.39486739432082446,0.9427232707780382,1.3706363425174268,0.10337546392002532,0.20084527873022087,0.4729544883037523,0.10380838632131734,0.12539656677105568,0.0017544427988048562,0.002119299907864507,False,1.3236460366210177,38,99.89500442086648,True,12,10,250,377,216,integrated,1.15,589.9,SUCCESS,
3.5,18.0,14.9,0.3,1e-08,3162.2776601683795,3.7678296472643727e+18,238298470417284.62,180.16836131796748,0.32867063115377126,0.6059057784291585,1.0026629270975216,0.5572222439744268,0.5193865266528626,0.5180071114789963,0.32779772969685544,0.5557423426309945,0.6042965806895008,0.1473415025058855,0.270769299913225,0.5679010737880986,0.25078507293377,0.22749502622702633,0.4005891813332118,0.259449240909277,0.4415999273622533,0.4767895543973868,0.9261946351160952,1.5439982785429998,0.10335192167533785,0.2259580396328053,0.5320905210632276,0.15269042661069002,0.15228490301590553,0.0017610092378138376,0.0017563322530649,False,2.121684545161036,56,99.53028293545535,True,12,10,250,377,216,integrated,1.15,852.7,SUCCESS,
3.5,18.0,15.125,0.3,1e-08,3162.2776601683795,6.325447551428733e+18,400056429648997.2,180.16836131796748,0.4244875542182248,0.8955301720847999,1.0528903232857065,0.8002544779410995,0.8146083210388382,0.7736877270338351,0.4031640759063546,0.7600549271302847,0.850544593562376,0.20738234794702365,0.42729964171800866,0.700486516551184,0.38635941038773486,0.37678450995400153,0.5378897395614184,0.2960547320283365,0.5515586685236415,0.6100040923297146,0.9041884726004713,1.816859118840009,0.10384170714538438,0.2654157628035815,0.6250063585170536,0.19750752281810383,0.18758603669350019,0.0017673815833650687,0.001678599892389249,False,3.3941561763857733,98,100.0,True,12,10,250,377,216,integrated,1.15,1349.3,SUCCESS,
3.5,18.0,15.35,0.3,1e-08,3162.2776601683795,1.0619186765762058e+19,671616341570501.2,180.16836131796748,0.5428436799060002,1.2838622663960095,1.0843951762534503,1.1148586500129765,1.26599447040695,1.16746597377989,0.5005958084224492,1.0280925943112145,1.1839431735870602,0.29755040799998544,0.6654864993620537,0.8512526595869336,0.5883803887288973,0.6267670021680463,0.7362878636669188,0.3495441742811945,0.6911935981667372,0.7817731808144692,0.8841357252069402,2.106422929751375,0.10452329801774818,0.31317059006727144,0.737460383004581,0.24581120859898203,0.22668047035053374,0.001767381582520322,0.001629831652909567,False,5.321742950598809,150,99.8894783377542,True,12,10,250,377,216,integrated,1.15,2589.7,SUCCESS,
3.5,26.0,14.0,0.3,1e-08,3162.2776601683795,4.743416490252569e+17,30000000000000.0,180.16836131796748,0.06016672145789215,0.08727222025619245,0.289679570584508,0.08379384989776625,0.07077074619886864,0.24430699774951076,0.2077009481079017,0.2892639260983754,0.3012715742435575,0.025975533894875603,0.03773779749794839,0.1295011555416671,0.03625237199527433,0.030520843993235618,0.23568009000055223,0.20058148351053093,0.27993859856802666,0.2914089634189111,0.9606382565714171,1.1749842800827552,0.10354028806078562,0.1783470135714716,0.4199751225295081,0.060628025214738555,0.20929341027537732,0.001741503961274571,0.0060118287173672935,False,0.24040488852287267,23,100.0,True,12,10,250,377,216,integrated,1.15,279.4,SUCCESS,
3.5,26.0,14.225,0.3,1e-08,3162.2776601683795,7.963266663464819e+17,50364120543676.77,180.16836131796748,0.09429046214992104,0.14679010970297365,0.4498531419025454,0.1378775686731688,0.12206864363600867,0.27135220867803383,0.20960276447362858,0.3064946219782947,0.32630673442039393,0.041066537695814254,0.06404330091671469,0.20717648661194604,0.060223339781794574,0.05302222148548405,0.2559277954394402,0.19822007008321527,0.29068617180769407,0.30912437006749527,0.940353462731601,1.2911295780089196,0.10353446466701283,0.18372987163093324,0.43265078458748474,0.09829483175190923,0.2185042686068501,0.001747876346314037,0.0038854376762198777,False,0.396965692951748,27,100.0,True,12,10,250,377,216,integrated,1.15,327.4,SUCCESS,
3.5,26.0,14.45,0.3,1e-08,3162.2776601683795,1.3368764072006162e+18,84551487937933.48,180.16836131796748,0.1443468999569921,0.24691875510998218,0.6722674811966431,0.2256883078591802,0.21270158571555492,0.3163942800519577,0.21471646925425145,0.33571207022754196,0.36729242751778535,0.06381772696989918,0.10925173027108834,0.3239974134570639,0.10009774478675945,0.09342348780534858,0.28834640007929896,0.1969698655583752,0.30894612311472786,0.3371993902833004,0.9162119861935831,1.4639112397314544,0.10350905991673005,0.19226910505718559,0.4527591426288221,0.15747257949760807,0.23424095899641795,0.0017544427989740542,0.0026097392006097448,False,0.6528287394504733,31,99.53028293545535,True,12,10,250,377,216,integrated,1.15,383.0,SUCCESS,
3.5,18.0,15.575,0.3,1e-08,3162.2776601683795,1.7827533411555244e+19,1127512212865330.5,180.16836131796748,0.590509899384692,1.5892908046078233,0.8932274034998089,1.330982477659778,1.7320089345907674,1.9390459000748044,0.6610969357534029,1.4900824498271932,1.7792678531589223,0.38369462952395106,0.9255920043906857,0.8726681837082783,0.7981802287693905,0.9432198754092012,1.0808459538436748,0.43967986536818127,0.9146434391335756,1.0606459839724134,0.8623456393131119,2.458256652117992,0.10329286873832028,0.3897599131847856,0.9178144563170557,0.19428213140160094,0.21750578927647343,0.0017673815811104277,0.0019786468419861975,False,8.255483220104162,210,99.98342175066313,True,12,10,250,377,216,integrated,1.15,3357.6,SUCCESS,
3.5,26.0,14.675,0.3,1e-08,3162.2776601683795,2.2443534841416538e+18,141945377688444.38,180.16836131796748,0.2112170956966802,0.40559503641040234,0.9329390585351157,0.35973087299447487,0.3650051968807276,0.3912422719806074,0.2263996707655584,0.3855888224460426,0.43474976494955675,0.09585927846609327,0.18351471532875957,0.48168224099941015,0.1635447284568074,0.16314709556092902,0.3387027415053253,0.19900936822416637,0.33952825023708455,0.3809870900533871,0.8911804601817532,1.7019437051013937,0.10346638828632572,0.20597638173163074,0.4850373125045907,0.2399141419861157,0.2571595001744536,0.0017610092381122656,0.001887593001923803,False,1.056090546613198,38,99.98894783377543,True,12,10,250,377,216,integrated,1.15,464.6,SUCCESS,
3.5,26.0,14.9,0.3,1e-08,3162.2776601683795,3.7678296472643727e+18,238298470417284.62,180.16836131796748,0.29210069491095186,0.6525278373733675,1.192874853757627,0.5578335553518834,0.6231744073281442,0.5224139023176719,0.24487119834139953,0.46763795346567527,0.5470212028679,0.13867345088098862,0.30546111197951054,0.67896722842834,0.26356579874490205,0.28588238776787883,0.42105476641285583,0.2042417440411479,0.3881863331680956,0.449890803546713,0.8628456730118278,2.0615509742613014,0.10346950294799041,0.22707221430126537,0.5347142019061831,0.34805170961362397,0.2917755441966442,0.0017673815838606722,0.00148161525770563,False,1.691932835748866,56,100.0,True,12,10,250,377,216,integrated,1.15,704.7,SUCCESS,
3.5,18.0,15.8,0.3,1e-08,3162.2776601683795,2.992893472453324e+19,1892872033440582.8,180.16836131796748,0.7174746188826503,1.7725783459846818,0.68324154684456,1.5382565582344871,1.9363908576093323,2.834123402700317,1.0501039086340551,2.2514095715324616,2.5943655712552123,0.54744681002697,1.1917983359714708,0.8450067320689587,1.068435687948518,1.2035162676450606,1.4242682596129244,0.6478608858968172,1.2644108589910332,1.4104009953310186,0.8964903337254652,2.198416806165642,0.09826054020130952,0.49339638990491075,1.1618597090939897,0.136734944521508,0.20012680018215537,0.0017737539116070345,0.002596086142300375,False,12.446946362226056,250,76.01127320954978,False,12,10,250,377,216,integrated,1.15,4001.8,SUCCESS,
3.5,26.0,15.125,0.3,1e-08,3162.2776601683795,6.325447551428733e+18,400056429648997.2,180.16836131796748,0.3655512014571231,0.997179031350086,1.3487822231132938,0.8127016284985792,1.0361351387582618,0.7682004707673475,0.2710231460593753,0.6025447359638834,0.7393180413131275,0.18802729963822826,0.4912110542340634,0.877912781730644,0.40756466611583486,0.4933732264559181,0.5619843300188924,0.2141753754485348,0.4642427751335342,0.55952147463411,0.8297139541196669,2.6239446474271935,0.10364706188210036,0.2596687005028606,0.6114730610112743,0.4548417391935082,0.33722400206582703,0.0017673815833650687,0.0013103535567703087,False,2.7048915436000733,87,99.60764809902741,True,12,10,250,377,216,integrated,1.15,1092.6,SUCCESS,
3.5,26.0,15.35,0.3,1e-08,3162.2776601683795,1.0619186765762058e+19,671616341570501.2,180.16836131796748,0.4701621366560002,1.48471669892652,1.4797380519401453,1.160510074093146,1.6971922111413162,1.1469544957068976,0.31773335560273747,0.7842672374151314,1.0033645461639964,0.26986844740673366,0.7817336576799583,1.1129202143495704,0.6292303179895827,0.8473970329369537,0.7614175949101636,0.24248678739693325,0.5653867275268488,0.7024166221446798,0.8049164978479021,3.1400374555821813,0.10384374964177866,0.30004697631133714,0.7065566342688632,0.5744883076753636,0.38823649018292694,0.0017803203148605284,0.0012031320763335627,False,4.247691712197788,161,99.98342175066313,True,12,10,250,377,216,integrated,1.15,2132.4,SUCCESS,
3.5,36.0,14.0,0.3,1e-08,3162.2776601683795,4.743416490252569e+17,30000000000000.0,180.16836131796748,0.052171606150256566,0.0787574177055658,0.2640463217442649,0.07432280284406108,0.06509201163668307,0.24651739591254834,0.1975850517652202,0.2814763801786433,0.29827121690354097,0.024309279601581878,0.03673256180139885,0.12658160494397305,0.034678074305127725,0.030289613690953277,0.23928922140274586,0.19204433070935967,0.27395824472660757,0.29018878230890843,0.9440690385990752,1.246010337919773,0.10352246155225679,0.19124960271982547,0.4503583980888506,0.08894629760653841,0.3368586883504668,0.0017544427991441403,0.006644450820425969,False,0.1984935468348086,19,100.0,True,12,10,250,377,216,integrated,1.15,227.9,SUCCESS,
3.5,36.0,14.225,0.3,1e-08,3162.2776601683795,7.963266663464819e+17,50364120543676.77,180.16836131796748,0.08024116807911531,0.1333263867748909,0.41511878392985596,0.12185785354874676,0.11421193816759127,0.27513073989658354,0.19329688557931876,0.2935493604869914,0.3211764727018942,0.03767781767299575,0.062641659177561,0.20400639955920286,0.057313207373014534,0.053453236681141714,0.26201745041644897,0.18468939089364994,0.28093828182278263,0.3070573242452736,0.9149375691112732,1.4186924822732618,0.10351983513159713,0.19605660212761278,0.46167801665076,0.1435924695172572,0.3459069429667642,0.0017610092383918642,0.004242181531080578,False,0.3280975637651047,26,100.0,True,12,10,250,377,216,integrated,1.15,318.3,SUCCESS,
3.5,36.0,14.45,0.3,1e-08,3162.2776601683795,1.3368764072006162e+18,84551487937933.48,180.16836131796748,0.11965140023641599,0.2262639990543747,0.6317908913307626,0.19872508466830766,0.2034254017920611,0.32198216939085533,0.18938449711484473,0.31454249720144944,0.35813115092208303,0.05694404629985703,0.10753927387445249,0.32263496956771176,0.09468442817852232,0.0960458703858686,0.29769206516750923,0.17649682046603482,0.29347230495623877,0.3333156167744027,0.8804637112303952,1.6866709801426554,0.10351205709212083,0.20372679040287806,0.4797399297505161,0.2280142613403977,0.36090146988368815,0.0017673815843385122,0.002797415424296188,False,0.5402484360346308,30,100.0,True,12,10,250,377,216,integrated,1.15,362.7,SUCCESS,
3.5,36.0,14.675,0.3,1e-08,3162.2776601683795,2.2443534841416538e+18,141945377688444.38,180.16836131796748,0.16977375746512383,0.3762289162066585,0.9009112513587564,0.31639037946889625,0.3584365915972218,0.3978600456555814,0.18844670572053646,0.3511892863938768,0.4176092990727213,0.08275681143192866,0.18212333656065113,0.48803093673891895,0.1539803836795048,0.17154066677042287,0.3514954767348933,0.16957287991806333,0.3155135711445265,0.37317990080223407,0.8454731095277618,2.0728283727016605,0.10350197102357551,0.21611027114538803,0.5089007984302333,0.3439856567730469,0.38181969228849894,0.0017673815841613206,0.0019617710196156964,False,0.8760725412184005,38,100.0,True,12,10,250,377,216,integrated,1.15,471.0,SUCCESS,
3.5,26.0,15.575,0.3,1e-08,3162.2776601683795,1.7827533411555244e+19,1127512212865330.5,180.16836131796748,0.5464175111419516,1.9363003910996484,1.3453698804489038,1.450898483316094,2.470117364272812,1.8360135752768736,0.4061466806136843,1.0784383569163738,1.4392327487319483,0.36762697251780335,1.123136751462346,1.220473763926164,0.8808005592464734,1.3215420754513163,1.0828107203222654,0.3012166122565204,0.7216874178540391,0.9202465343042747,0.7842326930355131,3.5947908457324007,0.10320901924635374,0.3619068582004841,0.8522255241246735,0.560807578982389,0.4168426743694208,0.00178032031344042,0.0013232943143088563,False,6.590881589929014,250,97.15959328028295,True,12,10,250,377,216,integrated,1.15,3227.8,SUCCESS,
3.5,26.0,15.8,0.3,1e-08,3162.2776601683795,2.992893472453324e+19,1892872033440582.8,180.16836131796748,0.7639006762777031,2.3864928114013937,0.9440846256122138,1.5596393313801726,4.042710323533238,4.282148245885953,0.8091442817240391,1.6520122127492416,2.527837808876314,0.5801326601789162,1.5608552693286215,1.102608886830103,1.0996052507744614,2.2978931204787516,2.0840509703172976,0.5261454601973535,0.997275882598519,1.41560193099471,0.7044889250029185,3.960978717816143,0.1012976357790112,0.4659299513723547,1.0971811890719163,0.4068480556038546,0.4309444773979075,0.0017930649118478748,0.0018992629084337855,False,10.229532632935447,250,69.20313881520886,False,12,10,250,377,216,integrated,1.15,3372.3,SUCCESS,
3.5,36.0,14.9,0.3,1e-08,3162.2776601683795,3.7678296472643727e+18,238298470417284.62,180.16836131796748,0.22671914365168122,0.6150523178918437,1.1930179589192749,0.49207210582383865,0.6301620117056407,0.5282083199120394,0.19003833258055933,0.4124599316757934,0.5155432181834079,0.11527721885286685,0.3061933988393983,0.703773619106937,0.24766591732877952,0.3076049394307607,0.43707938331234997,0.16379872124099995,0.3519113399605096,0.43507370911110094,0.8088545287636424,2.6683931351897883,0.10351126991823847,0.23534017270555493,0.5541837560880862,0.491721457511128,0.41216601463113445,0.0017803203162110926,0.001492282914017355,False,1.407619872055987,58,99.71264367816092,True,12,10,250,377,216,integrated,1.15,733.2,SUCCESS,
3.5,36.0,15.125,0.3,1e-08,3162.2776601683795,6.325447551428733e+18,400056429648997.2,180.16836131796748,0.27557862748933604,0.9604890107373706,1.4076697570638885,0.724497589313414,1.0801147599056968,0.7673069301130654,0.19576937424878457,0.5146786635699043,0.6823255283545726,0.15149712105654622,0.49884114332246804,0.9361285374620338,0.3845152745327914,0.5421666691660599,0.5791583607054052,0.16183367453712566,0.410750510368226,0.5328767614273262,0.7708170821111031,3.5787258885513507,0.10357167524871662,0.26530459407107365,0.6247445761573633,0.632811974292588,0.4495457625036318,0.0017803203157100713,0.0012647286814085256,False,2.25693659516842,86,99.89500442086648,True,12,10,250,377,216,integrated,1.15,1087.2,SUCCESS,
3.5,36.0,15.35,0.3,1e-08,3162.2776601683795,1.0619186765762058e+19,671616341570501.2,180.16836131796748,0.36442531598363276,1.466046185842977,1.6038453181223902,1.0576257304286198,1.8115777476324437,1.1295214863695486,0.22721973987507896,0.6594312546716004,0.9140820310273228,0.2227736184380232,0.8059382377364072,1.2189368092968371,0.6024839452230059,0.9434247558748806,0.7739734731770961,0.18276059656163282,0.49427003978209355,0.6611813111143352,0.7475559751516049,4.2349034077270975,0.10359367321733126,0.3031997068990526,0.7139807474533978,0.7837589705827923,0.4886749125534956,0.0017930649156565615,0.0011179787074202948,False,3.554341149759366,176,99.57449160035367,True,12,10,250,377,216,integrated,1.15,2241.3,SUCCESS,
5.0,18.0,14.0,0.3,1e-08,100000.0,1.5e+16,30000000000000.0,180.16836131796748,0.20339762251234547,0.2610151505201447,0.8964738772694153,0.2583802873848266,0.21544465104085078,0.24032451642325287,0.22688627931008729,0.28821842324266206,0.29115756425070083,0.08099277142549535,0.10398462538972891,0.3614831177550408,0.10296857718449397,0.08571908969867328,0.23713165425545785,0.22405685756085614,0.2848503073227079,0.28766108369186455,0.9902288612241776,1.0583548159915188,0.10355152988871404,0.16086458621981264,0.37880715216602423,0.1315846266141735,0.1467802129549712,0.0016810669469884412,0.0018751990321333523,False,0.0903681935291539,16,100.0,True,12,10,250,377,216,integrated,1.15,200.3,SUCCESS,
5.0,18.0,14.225,0.3,1e-08,100000.0,2.5182060271838388e+16,50364120543676.77,180.16836131796748,0.3306471832685938,0.4309136735746036,1.4357915393830918,0.42417831943845685,0.36268348676558987,0.2526017717874434,0.2302891291661052,0.2954316889349488,0.30012272795516803,0.13206781732362574,0.17218196211221168,0.5853842245548464,0.16961146730073642,0.14457409321133619,0.24697299166419645,0.22560877417572417,0.28974383009674876,0.2941349542570043,0.9850710563409653,1.0946958626344556,0.10356736750281345,0.16265210585881862,0.383016439242842,0.21714853457360608,0.15123959754415814,0.0016965087370218513,0.001181584297223802,False,0.1512161788150679,18,99.85079575596816,True,12,10,250,377,216,integrated,1.15,225.1,SUCCESS,
5.0,18.0,14.45,0.3,1e-08,100000.0,4.2275743968966744e+16,84551487937933.48,180.16836131796748,0.5357512178412364,0.7138588120864376,2.2677535219502913,0.6973501786537512,0.6181895264723312,0.2725999631303325,0.23624755188583493,0.3075070424999375,0.3147867725380101,0.21516536525458868,0.28661630944457567,0.9410910591538636,0.28039992547684195,0.24708404071074788,0.2625506196317512,0.22863394903362932,0.29795195985492623,0.3045574672681226,0.9783111296779299,1.1483448575396522,0.1035821611346393,0.16555635767742466,0.3898554296411131,0.35975559736427376,0.1586396378098799,0.0017094477590107184,0.0007538066824566436,False,0.25268457080471346,24,100.0,True,12,10,250,377,216,integrated,1.15,299.6,SUCCESS,
3.5,36.0,15.575,0.3,1e-08,3162.2776601683795,1.7827533411555244e+19,1127512212865330.5,180.16836131796748,0.4577970742131364,1.9755769410666422,1.5144763693973267,1.3702264216375841,2.7088226699316773,1.7886199644102938,0.3022807641398281,0.9047525925959837,1.3044620444311104,0.3253164111848557,1.1826623132414593,1.3756892384452815,0.8661674790924294,1.4917558845899244,1.0843698147088903,0.23647521699923169,0.6296243765571053,0.859687115513116,0.7323878248207842,4.585553735689832,0.10327603683671036,0.3623830737797972,0.8533469261165959,0.7587683829469041,0.5010103810658001,0.001799437195350784,0.0011881579876131412,False,5.535367540914956,250,96.48541114058357,True,12,10,250,377,216,integrated,1.15,3240.2,SUCCESS,
5.0,18.0,14.675,0.3,1e-08,100000.0,7.0972688844222184e+16,141945377688444.38,180.16836131796748,0.8522278710539996,1.1709710823398454,3.454057768746265,1.1320957221476975,1.0560236015748703,0.30573420373284027,0.24673237337409576,0.32775818991545685,0.33901317254600466,0.34563606228395244,0.473834222589654,1.4741662796641413,0.4594344811947093,0.42361390127335247,0.287358289981958,0.23446205970923345,0.3116571634642071,0.3214252212427539,0.9696101701640596,1.2256067797848549,0.10358214440619937,0.1702656112533916,0.4009448743589337,0.5903825010665873,0.17092432744136793,0.001709447759004945,0.000494910008301752,False,0.4216229760636768,31,99.78448275862068,True,12,10,250,377,216,integrated,1.15,402.0,SUCCESS,
5.0,18.0,14.9,0.3,1e-08,100000.0,1.191492352086423e+17,238298470417284.62,180.16836131796748,1.294361978030987,1.870540992349279,4.915921078276672,1.7785807053055271,1.7951231299682673,0.3651651646526365,0.26329999148089234,0.3618000934077297,0.38050671737086084,0.5345422202671373,0.7666046988938044,2.1927218838282347,0.7330940123262016,0.7231705809148541,0.3298049726453604,0.24378021864491514,0.3343305951078053,0.34961328408662695,0.956286875601,1.3528783199827505,0.10353896830225626,0.17794619862514574,0.41903127545955193,0.9435431167671906,0.1919361807773284,0.0017158202089950338,0.00034903331068051496,False,0.6999226990950073,38,100.0,True,12,10,250,377,216,integrated,1.15,500.6,SUCCESS,
5.0,18.0,15.125,0.3,1e-08,100000.0,2.000282148244986e+17,400056429648997.2,180.16836131796748,1.9202786382734467,2.9728573340440665,6.655841827052993,2.7612458235522834,3.095610004491291,0.4650966902351906,0.2885102573303922,0.4148604932781103,0.44665384353948184,0.8171575417875885,1.2423221293227604,3.15966561234064,1.165897191249957,1.252789511177684,0.39649433354108427,0.2586215258336304,0.368993853873757,0.39318152037058884,0.9384821889034,1.5331064661498692,0.10343690903918773,0.18938614189563552,0.44597028318691817,1.5019074916084802,0.22565252159447421,0.0017221926463083293,0.0002587490344659925,False,1.160357395700541,50,99.9944739168877,True,12,10,250,377,216,integrated,1.15,672.4,SUCCESS,
3.5,36.0,15.8,0.3,1e-08,3162.2776601683795,2.992893472453324e+19,1892872033440582.8,180.16836131796748,0.787550102090731,2.4698654283601043,1.1845790733602712,1.6212294459792336,3.9357391668902952,3.322479060621816,0.664835400018256,1.368612262734243,2.0850152462628664,0.6095275979206185,1.654644728677122,1.35001129825005,1.167815309158802,2.3271030196859193,1.723765588260204,0.4514981457642004,0.8650411375612787,1.2256525044064095,0.7057800921968687,3.817879662257702,0.10282952678500112,0.4546565088000453,1.070634260526137,0.5711235784650054,0.48213208498180776,0.0018058094608920606,0.0015244313372593675,False,8.537330212072376,250,66.47325375773788,False,12,10,250,377,216,integrated,1.15,3417.5,SUCCESS,
5.0,18.0,15.35,0.3,1e-08,100000.0,3.358081707852506e+17,671616341570501.2,180.16836131796748,2.6671447974024804,4.5008264621302,8.117184890616798,4.050081170052537,5.194639205376948,0.6399557574919579,0.328580022919721,0.4989514498720239,0.5544812053416461,1.1918051801233542,1.9396132806401063,4.203208145661882,1.7760197593508458,2.1163360460689544,0.5035049354510835,0.2835465527333955,0.4225390934264986,0.46146020216533296,0.9156566296373926,1.7757399291131706,0.1033658106706013,0.20657869264141046,0.4864556463082808,2.2834725864434344,0.28131336383418526,0.0017285650704248034,0.00021295129946134015,False,1.917507705548273,61,100.0,True,12,10,250,377,216,integrated,1.15,822.3,SUCCESS,
5.0,26.0,14.0,0.3,1e-08,100000.0,1.5e+16,30000000000000.0,180.16836131796748,0.18454820933875968,0.24224056389265441,0.8407779887245356,0.23769589160012664,0.20483015149328743,0.24361978339135137,0.2194969561687982,0.2827094605089656,0.28811477838535543,0.07893354298164458,0.10358477556301605,0.36218234974766594,0.10167035952635377,0.08749021374281958,0.24156399063558565,0.21793867933276687,0.2807159421136562,0.2860017216056609,0.9815183647765144,1.1084034801676745,0.10352618651380788,0.1718525633011337,0.4046818608514597,0.22691083739546739,0.269881990773441,0.0016835696625294716,0.0020023950259252803,False,0.054963392886507645,12,99.58554376657825,True,12,10,250,377,216,integrated,1.15,152.3,SUCCESS,
5.0,26.0,14.225,0.3,1e-08,100000.0,2.5182060271838388e+16,50364120543676.77,180.16836131796748,0.29755797467977446,0.4023953983468069,1.3651295876483553,0.3905478585862725,0.35279876697701806,0.2584361002568027,0.21797049699315624,0.2860884872175769,0.29476717960526705,0.1275911684935771,0.17235929386039758,0.5920528101713609,0.1674125052082409,0.15077407961800224,0.25466322771842415,0.21550639791178042,0.2827661693891561,0.2911214859541174,0.9712995537324299,1.1816968321407932,0.10353057672386914,0.1730201296235335,0.40743126943134983,0.37403751158988385,0.2739941431012573,0.0017030752958172358,0.0012475557714275636,False,0.09197924742457136,16,100.0,True,12,10,250,377,216,integrated,1.15,199.7,SUCCESS,
5.0,18.0,15.575,0.3,1e-08,100000.0,5.637561064326652e+17,1127512212865330.5,180.16836131796748,3.5306115665086804,6.44682874392197,8.993702827911845,5.598007902824597,8.316655208747607,0.9247198142834975,0.39256484610003695,0.6224363879859639,0.7168158507432909,1.6895767422436148,2.9118813566276356,5.1982897537811725,2.5943149156187877,3.4397643367507422,0.6617107740576984,0.32502550305408373,0.4990708557043621,0.5601614174180207,0.8909411469371699,2.0358733940566833,0.10360550254267592,0.23058551168989,0.5429873850210712,3.309411235690137,0.3679698227763787,0.001728565070384569,0.00019219726329182114,False,3.1591493546710114,81,99.78448275862068,True,12,10,250,377,216,integrated,1.15,1097.4,SUCCESS,
5.0,26.0,14.45,0.3,1e-08,100000.0,4.2275743968966744e+16,84551487937933.48,180.16836131796748,0.47631282115603363,0.6730479829878397,2.203925654831516,0.6434817085467922,0.6211065419010794,0.28181828209108134,0.21612018541181074,0.29197069653240393,0.30538597411957275,0.2052304890818791,0.28904999780797835,0.9664197943575967,0.2768578652789487,0.26546911885443736,0.27469337901020674,0.21236163650631856,0.2864778504076306,0.29909362318071836,0.9578199874710632,1.2935169625236598,0.10353543659940398,0.1749358993761417,0.41194256244645566,0.6185429560280449,0.2806550913693732,0.0017094477590106295,0.000775637669656925,False,0.1537501489444185,22,100.0,True,12,10,250,377,216,integrated,1.15,281.5,SUCCESS,
5.0,18.0,15.8,0.3,1e-08,100000.0,9.464360167202913e+17,1892872033440582.8,180.16836131796748,4.419578436913935,8.446019896184769,8.944086453318356,7.101700695057316,12.122731598460694,1.3553906999594156,0.4941341365583762,0.794010739064637,0.9443133114004283,2.3088934255876725,4.089411963345223,5.895241138828105,3.5556160076884944,5.194016675678995,0.8810524545755046,0.3916537714429523,0.6031332601935437,0.6936801849225362,0.8694687743760419,2.249569693480757,0.10409057041182126,0.2629514993750823,0.6192034615993869,4.451176942978301,0.49766703018918884,0.0017351315629049679,0.00019399762870820806,False,5.207657572163167,98,99.58001768346595,True,12,10,250,377,216,integrated,1.15,1317.1,SUCCESS,
5.0,26.0,14.675,0.3,1e-08,100000.0,7.0972688844222184e+16,141945377688444.38,180.16836131796748,0.7483998032058574,1.1206642668871054,3.47511095156852,1.0502311632561512,1.0957273719582747,0.3153071620529725,0.21535997372056884,0.30221514590264253,0.32248301781020383,0.3253906174983771,0.48328258759326587,1.5511283477420594,0.4547216294425478,0.4682757153553724,0.3018935963855152,0.20977672026434208,0.2931553859514432,0.3115684065066368,0.940902157694216,1.439118678207456,0.103537701208775,0.17806933040921138,0.41932122865285015,1.0123292828625723,0.2913084781956815,0.0017158202090088003,0.0004937454466696526,False,0.2566889963547499,32,100.0,True,12,10,250,377,216,integrated,1.15,428.0,SUCCESS,
5.0,26.0,14.9,0.3,1e-08,100000.0,1.191492352086423e+17,238298470417284.62,180.16836131796748,1.1220941506890543,1.8340323115776453,5.215021098072675,1.666103292219942,1.9229453161377823,0.36873203002926463,0.2151657931170688,0.31948160149067983,0.3516826254558111,0.4963727570510106,0.7960426915482591,2.395512621945318,0.7293559145183318,0.8217405132715209,0.343033263838206,0.20720941000424467,0.30446757317690337,0.3323057805063113,0.9162271348786266,1.6554907609223874,0.10353032062446424,0.18325357657373034,0.4315291954394342,1.610714612906002,0.3088606129515519,0.0017221926463244054,0.0003302369470683214,False,0.426471262429075,32,99.82316534040672,True,12,10,250,377,216,integrated,1.15,439.2,SUCCESS,
5.0,26.0,15.125,0.3,1e-08,100000.0,2.000282148244986e+17,400056429648997.2,180.16836131796748,1.656387629542842,3.0202074887062405,7.5858852058110005,2.6330173666697823,3.4059623928462663,0.44898680911190214,0.21835126482984513,0.34709428039496526,0.3981351426716393,0.7537188354347581,1.3237080254963918,3.6357850359086816,1.173032511519947,1.45557534087198,0.40034691999005717,0.20730566521141514,0.3226352768204224,0.36407763727031267,0.8861716397617659,1.9311914104314227,0.10350470760040673,0.19120621178972166,0.4502562202568696,2.547738581610291,0.3358525092969574,0.0017285650704492285,0.00022786596732641027,False,0.707610989125376,49,99.9944739168877,True,12,10,250,377,216,integrated,1.15,679.3,SUCCESS,
5.0,26.0,15.35,0.3,1e-08,100000.0,3.358081707852506e+17,671616341570501.2,180.16836131796748,2.331596922749154,4.816915367102445,10.14761431453002,3.9881782388085645,5.936919863583324,0.5850557263575195,0.22976798787185088,0.39301634011631964,0.4746845137980135,1.1096324839869027,2.1447404854196224,5.179918011881923,1.8273361251322284,2.538064105880082,0.4899815209542235,0.2142181558552817,0.3527731753554023,0.4140491182485751,0.8520080343308793,2.2873015548002282,0.10346891736026277,0.20364277158166094,0.47954208054615416,3.8393111016194443,0.37834617897549244,0.0017379395489882654,0.0001712658261459316,False,1.1696042129538278,61,99.93368700265252,True,12,10,250,377,216,integrated,1.15,847.4,SUCCESS,
5.0,36.0,14.0,0.3,1e-08,100000.0,1.5e+16,30000000000000.0,180.16836131796748,0.1608067756852521,0.2153829350071047,0.7501134542583546,0.2095262416869554,0.18681975109883886,0.24905532628200835,0.214376604995365,0.27932606794010423,0.2871338112713312,0.07431542557362551,0.09947646424293924,0.34811917703358686,0.09680235770179302,0.08619727141527471,0.24760851197507663,0.21347696558082893,0.27807246508701655,0.2857540486295636,0.9731181987468355,1.159883977652495,0.10351916070055987,0.18514460385804019,0.43598222439422746,0.3118120020794346,0.4156864542414141,0.0016906949879417434,0.0022539190283066605,False,0.03554478075498667,13,100.0,True,12,10,250,377,216,integrated,1.15,163.8,SUCCESS,
5.0,36.0,14.225,0.3,1e-08,100000.0,2.5182060271838388e+16,50364120543676.77,180.16836131796748,0.2570613028380862,0.3593170049855728,1.2269722228151876,0.3439813686787506,0.33007228225151997,0.2690136550069537,0.2095086572117175,0.2803497603959717,0.2928485244443018,0.11906042960861925,0.16611256964363766,0.5719347976776186,0.1591659871331101,0.1522704667114805,0.26623745806302646,0.20817133367662274,0.278293938014289,0.2904396975287208,0.9581814758182953,1.2789342959036076,0.103520057384611,0.18596099258296664,0.43790467292822155,0.5140642705320136,0.41896977044234557,0.0017063747273181385,0.0013907199328465653,False,0.05948646429553255,16,100.0,True,12,10,250,377,216,integrated,1.15,205.8,SUCCESS,
5.0,26.0,15.575,0.3,1e-08,100000.0,5.637561064326652e+17,1127512212865330.5,180.16836131796748,3.2435076624877364,7.3922769149625545,12.46670281134552,5.819281782250792,9.879991810956339,0.7925104143787639,0.26017365710650703,0.4667859553814713,0.5929616697235371,1.636453004337884,3.3794803588106235,6.932674606640953,2.777786159367802,4.23196151012573,0.6104370607661069,0.23604930235298965,0.400680302621863,0.4874713657515887,0.8219565922689421,2.5860574663053035,0.10349381185154637,0.2218499196385306,0.5224166377533171,5.5030365704185344,0.44141876594751334,0.001741141088701781,0.00013966331876598742,False,1.9237651399803262,80,100.0,True,12,10,250,377,216,integrated,1.15,1117.2,SUCCESS,
5.0,36.0,14.45,0.3,1e-08,100000.0,4.2275743968966744e+16,84551487937933.48,180.16836131796748,0.40889338699077893,0.6056698773075501,2.0054051166230438,0.5667843015900689,0.5900582272100733,0.2942339292539995,0.20389565360206402,0.28262833124934494,0.30201871546406245,0.1902162261941062,0.2803932810948386,0.9415168274014203,0.2629716278806597,0.2721965371618643,0.2891042722126643,0.2020316797938722,0.27930634931556086,0.29781016433739377,0.9378670803160712,1.4309848460777541,0.10352106590954487,0.18729924794065855,0.44105602346988454,0.8503128261451581,0.424010499971708,0.0017094477590110734,0.0008524201643055838,False,0.09947003771308646,21,99.9944739168877,True,12,10,250,377,216,integrated,1.15,275.4,SUCCESS,
5.0,36.0,14.675,0.3,1e-08,100000.0,7.0972688844222184e+16,141945377688444.38,180.16836131796748,0.6377926568760501,1.019869836625123,3.2258051555663534,0.9266242639877073,1.0412607730445163,0.3227909693329579,0.1977158030687297,0.28725363724735575,0.31615977637870224,0.2991929250310935,0.47310797955442135,1.5323403246636693,0.4319748635088026,0.4803781758538877,0.3134931373416183,0.19525226884358268,0.2819053029904542,0.3087486323628943,0.9130576573991451,1.6055799976017633,0.10352166176296816,0.18950783261584428,0.44625684293416,1.3922587897223013,0.4316003982199176,0.0017158202090095111,0.0005319044784985674,False,0.16618843225310514,26,100.0,True,12,10,250,377,216,integrated,1.15,347.8,SUCCESS,
5.0,26.0,15.8,0.3,1e-08,100000.0,9.464360167202913e+17,1892872033440582.8,180.16836131796748,4.424215728435141,10.559867636092223,13.778856175202344,8.002133320203384,16.15901568806307,1.1727399925361202,0.321087300148858,0.5807545429354822,0.7663820205262538,2.3925874981890676,5.044251867528062,8.54526217309537,4.045038170090044,6.945350881241237,0.8127721233771587,0.2799899464433161,0.4733661868006562,0.5902980815977552,0.8019104272190748,2.9028618123676244,0.10366145999177438,0.24741287191153274,0.582612790175952,7.3075656335881884,0.530346317623921,0.0037754618986467043,0.0002740040138775352,False,3.1547884097705325,97,99.74027409372238,True,12,10,250,377,216,integrated,1.15,1373.7,SUCCESS,
5.0,36.0,14.9,0.3,1e-08,100000.0,1.191492352086423e+17,238298470417284.62,180.16836131796748,0.94983874762528,1.6957214197938864,4.996915399373949,1.476275247892691,1.793489047543872,0.3589192340075587,0.19008501679741927,0.2954373108013095,0.3393536380476522,0.45280889264584645,0.7888847655233118,2.4199525463805354,0.6941073413905446,0.8275893266777264,0.3419857665868415,0.1871147817849163,0.2868268398191131,0.3259918326511103,0.8798589752587047,1.8276790498569238,0.10352039724831534,0.19320346857128298,0.4549594005611642,2.2167213858453696,0.443617954012809,0.0017286339631186643,0.00034594021010146393,False,0.2764904010742604,34,99.61870026525199,True,12,10,250,377,216,integrated,1.15,457.4,SUCCESS,
5.0,36.0,15.125,0.3,1e-08,100000.0,2.000282148244986e+17,400056429648997.2,180.16836131796748,1.409049931876022,2.8483973862803365,7.609872559707565,2.3572323361570016,3.0759269990366196,0.40420216960306393,0.18516077908276685,0.3097597650502029,0.37430290243780323,0.6891743751736044,1.3307248175952306,3.7954825887216304,1.1236338577526197,1.420130132581268,0.37416325839597303,0.181577535679258,0.2960450565868818,0.35060754106724457,0.8443773219643956,2.060625269509672,0.10351507236903483,0.19897553701303086,0.4685515830290827,3.510895492347664,0.4613606160682646,0.0017415039613323025,0.0002288479797353171,False,0.4595365054280583,45,99.58001768346595,True,12,10,250,377,216,integrated,1.15,629.5,SUCCESS,
5.0,36.0,15.35,0.3,1e-08,100000.0,3.358081707852506e+17,671616341570501.2,180.16836131796748,2.0319926134753925,4.668074307224467,10.856808804998908,3.6462947076038486,5.155446909765108,0.47485840474517105,0.18716297302203408,0.33585326711519037,0.42996744172883467,1.033912644168545,2.196938263476729,5.666997953759304,1.7766078255531734,2.3824189325650673,0.42040229271384283,0.18244450635149437,0.3135007000266568,0.3876723234070256,0.8086744425588143,2.3042748785425373,0.10350585896832769,0.20823845453205594,0.49036408687835126,5.30378914635785,0.48852192588265664,0.0017415039613060126,0.00016040661603105276,False,0.7607525617316937,56,99.98894783377543,True,12,10,250,377,216,integrated,1.15,787.1,SUCCESS,
7.0,18.0,14.0,0.3,1e-08,10000000.0,150000000000000.0,30000000000000.0,180.16836131796748,0.20982455608498965,0.2685019662210838,0.9286832806322787,0.26562065340480967,0.22052397282557476,0.23745875200362673,0.22593769098775426,0.28601855868877735,0.2891211372280533,0.08349425817341505,0.1068791658582138,0.3733904454388047,0.10576457593009217,0.0876848417690741,0.2348341872166219,0.22361112661919735,0.2832546392712291,0.2862396913574221,0.9895714948823585,1.0501900811784606,0.10354651224621336,0.1604004711725247,0.37771424474947013,0.1418057551171586,0.1526954970273746,0.0015524605440734088,0.0016716792220232948,False,0.07439472570118245,9,99.9944739168877,True,12,10,250,377,216,integrated,1.15,114.9,SUCCESS,
7.0,18.0,14.225,0.3,1e-08,10000000.0,251820602718383.84,50364120543676.77,180.16836131796748,0.34330463163616354,0.4447129568192609,1.499292511788328,0.43760233317608954,0.37069532997033544,0.24724683612817955,0.22897775379847407,0.29187255304445275,0.29661520572047384,0.13695074028398077,0.1774465176174738,0.6083262187442929,0.17472690365774363,0.14761816229929717,0.2426628308147076,0.22512713748665067,0.28722566654847614,0.29169631712366256,0.9846736132314926,1.0778924012619169,0.10356116026275523,0.1618677122880821,0.3811693335392783,0.23702294459077855,0.15808986086915222,0.0034105257754486473,0.0022747567593602107,True,0.12462821079241494,11,100.0,True,12,10,250,377,216,integrated,1.15,137.8,SUCCESS,
5.0,36.0,15.575,0.3,1e-08,100000.0,5.637561064326652e+17,1127512212865330.5,180.16836131796748,2.967203164706938,7.441808964408177,14.446908802661682,5.522887156889667,8.542363509905845,0.5912935165986519,0.20538671664904978,0.38228850422812505,0.5151142757291516,1.5849162196311015,3.5535697788332032,8.049567334240706,2.7761748641586452,3.953618536346021,0.49115913591136573,0.19689458499083448,0.344884979388835,0.4414609669413247,0.7812355003396579,2.4945284093731144,0.10350621873289222,0.22228372812703162,0.5234381786777439,7.63630701597803,0.5285772285467134,0.0017478763463582682,0.00012098618259680864,False,1.251477375449816,80,99.89500442086648,True,12,10,250,377,216,integrated,1.15,1148.2,SUCCESS,
7.0,18.0,14.45,0.3,1e-08,10000000.0,422757439689667.4,84551487937933.48,180.16836131796748,0.5628385570500962,0.7400183774449761,2.398159244574982,0.7236180566693344,0.6288454105663942,0.2622200389690312,0.23469607296651654,0.3017389517840709,0.3085776639391297,0.22550315580038727,0.29642066923052623,0.9873003217941014,0.2902449257491008,0.25096676375982296,0.25419495792705854,0.22840381069724322,0.29397835627327035,0.30023353855681606,0.9791656111651832,1.112919075873048,0.10357704839329827,0.16424090381346318,0.38675777251394317,0.4000088916147104,0.16679830270637538,0.007766371336914445,0.0032384719048508615,True,0.20867886210849748,13,99.93368700265252,True,12,10,250,377,216,integrated,1.15,168.0,SUCCESS,
7.0,18.0,14.675,0.3,1e-08,10000000.0,709726888442221.9,141945377688444.38,180.16836131796748,0.8921253875022525,1.1958722261983894,3.63618058883617,1.1599088398916384,1.0434579100867531,0.28696537055678306,0.2453468318491284,0.31899098836091905,0.3288814174603884,0.3602221306864615,0.4821469066572276,1.5334032012489611,0.46886364999648733,0.4178242029154143,0.27248162947298876,0.23491677230950056,0.3057667087264436,0.314429307480588,0.972449773134843,1.1599070887709835,0.10358547105640589,0.16823679543290138,0.3961673781971674,0.66072130815228,0.18170750654707077,0.01826116443498149,0.005022073021083458,True,0.3483416327529628,16,99.9944739168877,True,12,10,250,377,216,integrated,1.15,210.5,SUCCESS,
7.0,18.0,14.9,0.3,1e-08,10000000.0,1191492352086423.0,238298470417284.62,180.16836131796748,1.4113837504713214,1.9293283328921227,5.341039421155308,1.8548593276402647,1.7357344627970264,0.32498065000643145,0.2642526368333803,0.3472843357593201,0.36122712842190446,0.5771573819156648,0.7859740107373887,2.3357603889325596,0.7590502654753242,0.6986111625181882,0.299093676658098,0.24709614250262427,0.3249692344608213,0.3364959926803871,0.965744738510113,1.210434422928806,0.10356209189121107,0.17446671004546338,0.41083770600565966,1.096481095739272,0.2052935785113705,0.04276010679234207,0.008005952291416102,True,0.5809181434866942,19,100.0,True,12,10,250,377,216,integrated,1.15,249.2,SUCCESS,
7.0,18.0,15.125,0.3,1e-08,10000000.0,2000282148244985.8,400056429648997.2,180.16836131796748,2.1672224092731063,3.0176415448232325,7.282832939281487,2.874877175170528,2.807438798293865,0.3854871890787656,0.29757958576582716,0.3947470989845552,0.4143499610634963,0.9045874483759275,1.250471757205596,3.364352815117464,1.199816598727317,1.139923849894643,0.33882411047155386,0.2688741336257103,0.35662627098324295,0.3716827056861266,0.9594911614865441,1.2601588181896977,0.10348075258468935,0.18429402340105833,0.433979260484215,1.777799325768502,0.2441082118168012,0.09808549703724402,0.013468041606199603,True,0.9669457994007076,22,99.98342175066313,True,12,10,250,377,216,integrated,1.15,285.1,SUCCESS,
7.0,18.0,15.35,0.3,1e-08,10000000.0,3358081707852506.0,671616341570501.2,180.16836131796748,3.2318485631431857,4.5438699135879785,9.115255107981712,4.297385173680829,4.394150876010579,0.4820655948688557,0.354553824863688,0.47144979737515547,0.49849070155032404,1.3915627061619231,1.935270413587754,4.547272543363923,1.8484268328958433,1.8124139546108105,0.3985716574775714,0.30602139917755855,0.40649132315443703,0.42558927249962114,0.9551258676399059,1.3024306749421588,0.10337656219894345,0.19901793823278982,0.4686514302713048,2.7799489053489963,0.30497763062218114,0.21109784778985663,0.02315874271088806,True,1.6068447352129065,26,99.95579133510168,True,12,10,250,377,216,integrated,1.15,345.2,SUCCESS,
7.0,18.0,15.575,0.3,1e-08,10000000.0,5637561064326652.0,1127512212865330.5,180.16836131796748,4.627755014612761,6.4337125838364395,10.267027998185794,6.069667671455307,6.476136767407055,0.6307703425520416,0.45073949495710885,0.5911805901890821,0.6266382623066081,2.083090012545389,2.8626301339837896,5.668500770754181,2.7315633284826943,2.7514077508906207,0.4853854417884382,0.36748517761394583,0.48188461798855253,0.5050065704768217,0.9542145511761606,1.3208299854160381,0.10347350064058229,0.2202589322188999,0.5186701486861787,4.0919307699625875,0.39855065854360583,0.42899677897368516,0.04178392997949259,True,2.6709704308692483,26,99.62422634836427,True,12,10,250,377,216,integrated,1.15,350.9,SUCCESS,
5.0,36.0,15.8,0.3,1e-08,100000.0,9.464360167202913e+17,1892872033440582.8,180.16836131796748,4.3139093034935305,11.196437065843185,17.456439533584746,8.03165809250696,13.900712650664019,0.7963085842287712,0.24712423717298856,0.4600971507995496,0.6413929395110707,2.434834747500743,5.495594790579986,10.625591781487522,4.213871963619426,6.4501434427430135,0.607038513749493,0.22914815452846996,0.39657762600677554,0.5172036441447626,0.7667726832484876,2.6491093284108165,0.103544030432716,0.24283289887183881,0.5718277778563794,10.215627382629188,0.5852068151111323,0.04712880711073009,0.0026997949392863394,True,2.0458335392580076,115,99.69606542882406,True,12,10,250,377,216,integrated,1.15,1681.7,SUCCESS,
7.0,26.0,14.0,0.3,1e-08,10000000.0,150000000000000.0,30000000000000.0,180.16836131796748,0.1865713432641891,0.24349546723507146,0.850477472341255,0.23875988335021284,0.20389416538762314,0.23974081856198817,0.21937246938544086,0.2807362818123067,0.2863044291634907,0.0797495670436712,0.10405096247518764,0.3655013843370305,0.10205682879717722,0.08704957464957372,0.2381648288623304,0.21819224348035235,0.2792241922210345,0.2846800776525699,0.9808350290033506,1.09153664247362,0.10352437997106809,0.17144952159154597,0.403732770154739,0.24350009130560893,0.28630986619232196,0.003387789822054721,0.003983397482273777,True,0.04205805850988239,9,100.0,True,12,10,250,377,216,integrated,1.15,110.6,SUCCESS,
7.0,26.0,14.225,0.3,1e-08,10000000.0,251820602718383.84,50364120543676.77,180.16836131796748,0.302595797005323,0.40451827441073784,1.3868949939100041,0.39262550201235935,0.3475620369491645,0.25060443542975097,0.21818219716276407,0.2830967764224527,0.29167188300990227,0.12959779632462326,0.17307015007828028,0.5991141634508922,0.16810861353849402,0.14843524192794855,0.24775785815672074,0.21631569445486168,0.2805952918391879,0.2888767460969338,0.971332222584067,1.1453531320558898,0.10352814029212905,0.172336025176687,0.4058203265670209,0.40650418504245545,0.2931037943228985,0.007094036751962297,0.005115049649117582,True,0.07042496312888963,10,99.90053050397879,True,12,10,250,377,216,integrated,1.15,125.6,SUCCESS,
7.0,18.0,15.8,0.3,1e-08,10000000.0,9464360167202914.0,1892872033440582.8,180.16836131796748,6.296434780257013,8.423458474584432,10.469571344530161,7.973428170371553,8.789952917140248,0.8395714234979227,0.6014033022991522,0.7615811486434235,0.8045657455675372,3.0110324417983314,4.002181239243274,6.533038033045688,3.829007653569519,3.9326216197338635,0.6019590885345701,0.46089314444027424,0.5860990911428147,0.6126064503220818,0.9567301990285432,1.3060708231310572,0.10394369391516002,0.24894095518191434,0.586211151291523,5.553507318796123,0.5304426643692112,0.8048687915235687,0.07687695752167287,True,4.45804627076459,29,99.95579133510168,True,12,10,250,377,216,integrated,1.15,391.1,SUCCESS,
7.0,26.0,14.45,0.3,1e-08,10000000.0,422757439689667.4,84551487937933.48,180.16836131796748,0.49058387027193084,0.6761338261378651,2.255264447786995,0.6482755062696046,0.605028035712003,0.268273654695215,0.21752831281197293,0.2874498850481737,0.29980245855484017,0.21086896193655968,0.2898270528235468,0.9823883496394951,0.2783561464019776,0.2584031703089789,0.26303566242800475,0.21464929018543616,0.28334634312807694,0.29502289286095873,0.9604215468852282,1.225420602140205,0.10353281728134103,0.17377840050179155,0.4092168608950351,0.6848118517961471,0.3036503557124429,0.015711379650673686,0.0069665354172060235,True,0.1178160332841311,12,99.62975243147658,True,12,10,250,377,216,integrated,1.15,158.7,SUCCESS,
7.0,26.0,14.675,0.3,1e-08,10000000.0,709726888442221.9,141945377688444.38,180.16836131796748,0.7672733551561102,1.1008267840972037,3.517180088257068,1.0391197221715829,1.0268304470738774,0.29194707729131986,0.21815014753376788,0.2954411477652021,0.3129856181583003,0.33201852090615536,0.4733335506929427,1.5535419821432424,0.4483718733883506,0.43845857522347625,0.28223155876263195,0.21371712172728527,0.2886126532414552,0.3046802443278289,0.9472640862494343,1.3205846891517419,0.10353707895123816,0.17621320646186037,0.414950390775566,1.1280564425456958,0.3207275187051062,0.035810302238231985,0.010181537862617013,True,0.1960821295195459,15,99.69606542882406,True,12,10,250,377,216,integrated,1.15,208.8,SUCCESS,
7.0,26.0,14.9,0.3,1e-08,10000000.0,1191492352086423.0,238298470417284.62,180.16836131796748,1.2005261495436248,1.797666593720537,5.397444643916426,1.6687421487917975,1.7466486074601222,0.32360658101955836,0.2224249119250835,0.3091726286943345,0.33305882918998064,0.5252507682042246,0.7767415112702982,2.43593295255433,0.7257027238468654,0.7456236376250733,0.3060936619143023,0.21562611879503676,0.29791572181241294,0.31886818167790854,0.9342911551875694,1.419557443341358,0.1035360571928848,0.18004754307065507,0.42397956348135174,1.864569744419596,0.34545416719024474,0.08196175008143537,0.015185287759053943,True,0.3253497338277637,20,100.0,True,12,10,250,377,216,integrated,1.15,281.8,SUCCESS,
7.0,26.0,15.125,0.3,1e-08,10000000.0,2000282148244985.8,400056429648997.2,180.16836131796748,1.8326838548482969,2.871527919916256,7.870334938026896,2.618249982893672,2.9574889305885796,0.37577675586574544,0.2328597028308624,0.3326732602246876,0.36485460180887197,0.8159704505583889,1.250813120584267,3.672487080068965,1.1528691665267168,1.2620571227289152,0.3436518890912518,0.22218470283714814,0.3139205506762647,0.34059020312762495,0.9216957733767618,1.5466946405537825,0.10352163195494597,0.18615603808531395,0.43836396998684213,3.009200891820428,0.3823472464025577,0.1857447624588157,0.02360061724455429,True,0.5372265984610535,22,99.64080459770115,True,12,10,250,377,216,integrated,1.15,310.4,SUCCESS,
7.0,26.0,15.35,0.3,1e-08,10000000.0,3358081707852506.0,671616341570501.2,180.16836131796748,2.745975711704318,4.482409331950511,10.800865471464357,4.01918391764646,5.102575574504718,0.47242284314952426,0.25423663677314784,0.3721168389945281,0.4150046441919803,1.2545558603782172,1.9789836897707704,5.296760534763745,1.8036868612614565,2.176407230100073,0.4108940201875954,0.23685342241626842,0.34052641221431157,0.3736215139012397,0.9114207815782358,1.7348029679953356,0.10348870149409911,0.19564188925986792,0.4607014424768622,4.681976240189182,0.43348158094912465,0.3990203046792623,0.03694336400480729,True,0.8819962763435538,27,99.94473916887709,True,12,10,250,377,216,integrated,1.15,382.0,SUCCESS,
7.0,36.0,14.0,0.3,1e-08,10000000.0,150000000000000.0,30000000000000.0,180.16836131796748,0.15979473721262777,0.21205033749374358,0.7433102562596559,0.2063077080264165,0.1814421481236668,0.2441001541357513,0.21497717254261547,0.2775526185587144,0.2852783689018134,0.07380633639094358,0.09788268024212196,0.34429463494278506,0.09526256942937801,0.08368702744271454,0.24306805552349564,0.21436969647583598,0.27668909056688834,0.2842991737538638,0.9732321304825036,1.133873208384631,0.10351868370305764,0.18478648133448136,0.43513891029717405,0.3321614289556207,0.4468678134848564,0.0051218265108249564,0.0068905634863671,True,0.02492949661589601,9,100.0,True,12,10,250,377,216,integrated,1.15,112.6,SUCCESS,
7.0,26.0,15.575,0.3,1e-08,10000000.0,5637561064326652.0,1127512212865330.5,180.16836131796748,4.038298856058099,6.721058800700306,13.62688436320077,5.968067263703014,7.9431910436944415,0.5829058816368127,0.2963479213901216,0.43796271433987544,0.4932205059911157,1.9088085855370975,3.0366860591664406,7.174482852660457,2.7546253295786194,3.407062834480322,0.47488619102586715,0.26605521606749244,0.38394758007640134,0.42326201365724503,0.9071156108691572,1.7849159210071597,0.10346549678394358,0.21004100964345793,0.49460877978695367,6.857741703763983,0.5032508914718047,0.8148473535593509,0.05979704030951022,True,1.444935044793371,31,99.95026525198939,True,12,10,250,377,216,integrated,1.15,450.6,SUCCESS,
7.0,36.0,14.225,0.3,1e-08,10000000.0,251820602718383.84,50364120543676.77,180.16836131796748,0.2570673262082202,0.35279770403596117,1.2172790964795048,0.33827802392563006,0.3152953969583062,0.259016521248227,0.21118191132311817,0.27789684789951996,0.28982482740095356,0.11893032158632422,0.1629474769176816,0.5655701302888341,0.1563769410449324,0.14539738928936288,0.2570810965832108,0.21028395103819758,0.2764943420280548,0.2881118860263449,0.9596769707820114,1.2225426396734986,0.10351939539619193,0.18535587948310897,0.4364797404711659,0.5540271542633071,0.4551356840560312,0.010477051385576974,0.008606942660789686,True,0.041832031854909184,10,99.98894783377543,True,12,10,250,377,216,integrated,1.15,140.9,SUCCESS,
7.0,26.0,15.8,0.3,1e-08,10000000.0,9464360167202914.0,1892872033440582.8,180.16836131796748,5.840781405332547,9.585437811203828,15.720611273162326,8.515875168188098,11.366785018875381,0.7230498115731897,0.37153653276216575,0.5417012748560293,0.6097369653537423,2.8805568134213106,4.498471834669776,9.08956319591211,4.093845708333365,4.966033758791907,0.5463445989379669,0.316908167239191,0.4503897074145993,0.49490517175708665,0.910052537571103,1.723983965757517,0.10354610041533759,0.2306660349410618,0.5431770027870216,9.269459267499066,0.5896373306630615,1.5374962002705777,0.09780129878889232,True,2.3866740571627334,30,99.90053050397879,True,12,10,250,377,216,integrated,1.15,435.7,SUCCESS,
7.0,36.0,14.45,0.3,1e-08,10000000.0,422757439689667.4,84551487937933.48,180.16836131796748,0.4129343053881344,0.5911888119003378,1.993816863928106,0.5566730329730926,0.5586258759796994,0.28017913083507884,0.20710743943382767,0.2791996812968903,0.29651109015880767,0.19164824837621852,0.27328221043209505,0.9310111530027861,0.2578431159683481,0.25758671802738703,0.27667414852828964,0.2058495730777191,0.27694954581019554,0.29353269243948277,0.9435049415059409,1.3440598607597332,0.10352032939942203,0.1862857713653542,0.4386694685151885,0.9321992190272479,0.46754505686679837,0.022618859400603424,0.011344502000068861,True,0.07012026756778499,13,100.0,True,12,10,250,377,216,integrated,1.15,171.5,SUCCESS,
7.0,36.0,14.675,0.3,1e-08,10000000.0,709726888442221.9,141945377688444.38,180.16836131796748,0.6384145617324747,0.9659993167323434,3.149889647581842,0.8891592280041918,0.9601175045878861,0.3048098860621878,0.20267838977234745,0.2822826598661308,0.30667719342928007,0.2980913631778285,0.4471067638139045,1.48329377960143,0.4132875507520847,0.4426890900984074,0.2984500415132602,0.2009658283997708,0.2786282504758683,0.30142832792978125,0.9243598715140526,1.4850785523575138,0.10352132575974451,0.18786328066881255,0.44238421904419506,1.5332471334468614,0.48676217423170026,0.0502652650212215,0.01595778603222178,True,0.11690424306547728,15,99.80658709106986,True,12,10,250,377,216,integrated,1.15,204.3,SUCCESS,
7.0,36.0,14.9,0.3,1e-08,10000000.0,1191492352086423.0,238298470417284.62,180.16836131796748,0.9891219820982082,1.586229937958953,4.938856812056176,1.425392289991843,1.6362250358298305,0.3312963096714332,0.20027346807943003,0.28860773742464796,0.3211735019502547,0.46644324185416786,0.735623797163582,2.3565549238424564,0.6662458059292331,0.7544093913622124,0.32013231846602497,0.19793438172602132,0.28272025370106496,0.31216068410750986,0.9056882179425727,1.617365895072988,0.10352153672010929,0.19035364477747097,0.4482485783666895,2.5316183909812207,0.5125919797474835,0.11291997461128638,0.022863585422367168,True,0.19373230858663085,20,100.0,True,12,10,250,377,216,integrated,1.15,264.5,SUCCESS,
7.0,36.0,15.125,0.3,1e-08,10000000.0,2000282148244985.8,400056429648997.2,180.16836131796748,1.4947895876196453,2.549739675783659,7.456652355561866,2.237939322381593,2.680432754913978,0.3594686498847786,0.20046389671159764,0.30012654682933276,0.3419416051871891,0.7160079603449304,1.1864082793884778,3.6322521606744957,1.0553105903755962,1.235866622256919,0.34024802452796205,0.19712506970109983,0.2905389118633297,0.3266315847323128,0.8895003589485614,1.726051511580334,0.10351945922786027,0.19433103366977694,0.4576146134571751,4.088140988553503,0.5482542022365018,0.2531629882189313,0.03395129290560244,True,0.31837826221636,24,99.71264367816092,True,12,10,250,377,216,integrated,1.15,326.5,SUCCESS,
7.0,36.0,15.575,0.3,1e-08,10000000.0,5637561064326652.0,1127512212865330.5,180.16836131796748,3.3133151208389964,6.222551837333083,14.766980742705183,5.237849234198561,6.934753698585118,0.4696121583290378,0.22437322690190126,0.35470007887604466,0.42138280978032655,1.669871692924683,2.9445517218003348,7.77178689546636,2.550327940063535,3.1974914023113135,0.41142293854924883,0.21486328889161846,0.32815206777623535,0.37887705381088443,0.866117555749448,1.9148126265384458,0.1035046882376939,0.20996129411240347,0.4944210640565263,9.46174917216885,0.6407368802754692,1.108503357850743,0.07506635087868847,True,0.8324307822862729,32,99.54686118479222,True,12,10,250,377,216,integrated,1.15,459.1,SUCCESS,
7.0,36.0,15.8,0.3,1e-08,10000000.0,9464360167202914.0,1892872033440582.8,180.16836131796748,4.8569269078765345,9.274657873363614,18.808826913512746,7.7763759162826585,11.047105040554003,0.5873362060989289,0.25822593456836973,0.41344289848804494,0.49310134629929847,2.5337119720792947,4.478702899140677,10.568948447171302,3.8856627358180074,5.094868352980916,0.4820601007231252,0.2397316993969654,0.3676489440023691,0.42376050195791876,0.8675866257088731,2.010831700337195,0.10350830830207676,0.2241713645591863,0.5278832227859124,13.006770327737291,0.691524803090877,2.1111694365919575,0.11224354641039516,True,1.3522307937640272,36,99.87842617152963,True,12,10,250,377,216,integrated,1.15,493.1,SUCCESS,
7.0,36.0,15.35,0.3,1e-08,10000000.0,3358081707852506.0,671616341570501.2,180.16836131796748,2.2309342866952546,4.034725597925083,10.815744110517098,3.4630445306991073,4.335968491908164,0.40089414538680895,0.20626729551838427,0.3201855087651052,0.37304188752041245,1.093021469377159,1.888405954993729,5.435132858043446,1.6545894587246168,1.999204353832202,0.36782989598379034,0.2011029901062304,0.30442484147852833,0.3474443043649024,0.8761831397264955,1.8290622918609432,0.10351330679280431,0.20047666388151478,0.47208646666912313,6.391443650676253,0.5909388744193098,0.543872669276705,0.050285275217250174,True,0.5166149419971808,250,95.6675508399646,True,12,10,250,377,216,integrated,1.15,2848.4,SUCCESS,
