observable,T_k,log_n_H2,n_overlap,median_abs_resid,max_abs_resid,n_magritte,n_escape1d
outer_01,18.0,3.5,4,0.1361235613310857,0.49489808269897106,8,61
outer_01,18.0,5.0,5,0.012500691915465656,0.13125793827152266,9,66
outer_01,18.0,7.0,6,0.01060722831287983,0.06316595099827227,9,80
outer_01,26.0,3.5,5,0.1569420765129267,0.9213132276814001,8,80
outer_01,26.0,5.0,5,0.03165671785393409,0.24221466823761761,9,80
outer_01,26.0,7.0,5,0.018701071083432774,0.040809986863980297,9,80
outer_01,36.0,3.5,5,0.049369628508004304,0.6273279452253635,8,77
outer_01,36.0,5.0,5,0.2906661787858606,1.8044894468482513,9,80
outer_01,36.0,7.0,5,0.09389750931175933,0.10246102311503036,9,80
outer_10,18.0,3.5,4,0.024336574120433635,0.027903925923998096,8,61
outer_10,18.0,5.0,5,0.030465362503910243,0.07592019596484445,9,66
outer_10,18.0,7.0,6,0.03377902769386615,0.06897691049846594,9,80
outer_10,26.0,3.5,5,0.031132143420434882,0.06234527540918949,8,80
outer_10,26.0,5.0,5,0.011993975067113583,0.016752236043559354,9,80
outer_10,26.0,7.0,5,0.012540187822836057,0.05893225365449284,9,80
outer_10,36.0,3.5,5,0.01599821374310334,0.026778801485187465,8,77
outer_10,36.0,5.0,5,0.03933611044444943,0.0920441037453052,9,80
outer_10,36.0,7.0,5,0.026785649841714387,0.03452764494147287,9,80
inner_avg,18.0,3.5,4,0.07931255390274633,0.31970314695784174,8,61
inner_avg,18.0,5.0,5,0.01790659682897533,0.02851956233622721,9,66
inner_avg,18.0,7.0,6,0.016951825531770354,0.037745507842566806,9,80
inner_avg,26.0,3.5,5,0.05659692429473817,0.42025337133907703,8,80
inner_avg,26.0,5.0,5,0.014107129658814554,0.026033027467915804,9,80
inner_avg,26.0,7.0,5,0.019587060094823305,0.04048694783860862,9,80
inner_avg,36.0,3.5,5,0.028656126470290255,0.3004358618028914,8,77
inner_avg,36.0,5.0,5,0.009205078749563222,0.021723553194027412,9,80
inner_avg,36.0,7.0,5,0.010363048741357295,0.030352144660903635,9,80
