rates,observable,T_k,log_n_H2,n_overlap,median_abs_resid,max_abs_resid
full_original,outer_01,18.0,3.5,4,0.1361235613310857,0.49489808269897106
full_original,outer_01,18.0,4.0,4,0.025105619624963743,0.16579658508910167
full_original,outer_01,18.0,4.5,5,0.012534498554801043,0.18232833797095804
full_original,outer_01,18.0,5.0,5,0.012500691915465656,0.13125793827152266
full_original,outer_01,18.0,5.5,6,0.026234881767701,0.2599455272972886
full_original,outer_01,18.0,6.0,6,0.019126827853156503,0.21588017444774543
full_original,outer_01,18.0,6.5,6,0.006767055721499798,0.13783000375680854
full_original,outer_01,18.0,7.0,6,0.01060722831287983,0.06316595099827227
full_original,outer_10,18.0,3.5,4,0.024336574120433635,0.027903925923998096
full_original,outer_10,18.0,4.0,4,0.02274139450456092,0.029007096120017284
full_original,outer_10,18.0,4.5,5,0.03289052716362989,0.06373612439802501
full_original,outer_10,18.0,5.0,5,0.030465362503910243,0.07592019596484445
full_original,outer_10,18.0,5.5,6,0.04291874124203923,0.07881828630072157
full_original,outer_10,18.0,6.0,6,0.04064785654648112,0.08362948021380007
full_original,outer_10,18.0,6.5,6,0.037068412788763494,0.08306504326248931
full_original,outer_10,18.0,7.0,6,0.03377902769386615,0.06897691049846594
full_original,inner_avg,18.0,3.5,4,0.07931255390274633,0.31970314695784174
full_original,inner_avg,18.0,4.0,4,0.01571117928885485,0.040637593487828916
full_original,inner_avg,18.0,4.5,5,0.016306400095090934,0.02385284459024073
full_original,inner_avg,18.0,5.0,5,0.01790659682897533,0.02851956233622721
full_original,inner_avg,18.0,5.5,6,0.021441473672265565,0.031091405738272293
full_original,inner_avg,18.0,6.0,6,0.019144188334178552,0.03406764831312159
full_original,inner_avg,18.0,6.5,6,0.016520653121295775,0.03433312275725653
full_original,inner_avg,18.0,7.0,6,0.016951825531770354,0.037745507842566806
full_original,outer_01,26.0,3.5,5,0.1569420765129267,0.9213132276814001
full_original,outer_01,26.0,4.0,6,0.05849074261394327,0.4365645372082967
full_original,outer_01,26.0,4.5,6,0.016606797244491073,0.0917505509974823
full_original,outer_01,26.0,5.0,5,0.03165671785393409,0.24221466823761761
full_original,outer_01,26.0,5.5,5,0.04712453425959251,0.24981202188834017
full_original,outer_01,26.0,6.0,5,0.037428084037770426,0.11445254993372866
full_original,outer_01,26.0,6.5,5,0.01172435448532777,0.04706605168183442
full_original,outer_01,26.0,7.0,5,0.018701071083432774,0.040809986863980297
full_original,outer_10,26.0,3.5,5,0.031132143420434882,0.06234527540918949
full_original,outer_10,26.0,4.0,6,0.007546452021941624,0.1004056671839933
full_original,outer_10,26.0,4.5,6,0.01106374157345752,0.03194391687645165
full_original,outer_10,26.0,5.0,5,0.011993975067113583,0.016752236043559354
full_original,outer_10,26.0,5.5,5,0.006361969269800566,0.018219458999014698
full_original,outer_10,26.0,6.0,5,0.012085859309579089,0.023179628885035275
full_original,outer_10,26.0,6.5,5,0.01061280964499059,0.040722691026477464
full_original,outer_10,26.0,7.0,5,0.012540187822836057,0.05893225365449284
full_original,inner_avg,26.0,3.5,5,0.05659692429473817,0.42025337133907703
full_original,inner_avg,26.0,4.0,6,0.013261012890320417,0.19438098132213621
full_original,inner_avg,26.0,4.5,6,0.017109608831912176,0.02617090505057884
full_original,inner_avg,26.0,5.0,5,0.014107129658814554,0.026033027467915804
full_original,inner_avg,26.0,5.5,5,0.018543021990174602,0.02558182586563218
full_original,inner_avg,26.0,6.0,5,0.0173037448776161,0.030155517288698697
full_original,inner_avg,26.0,6.5,5,0.01875225628616567,0.035221886245735745
full_original,inner_avg,26.0,7.0,5,0.019587060094823305,0.04048694783860862
full_original,outer_01,36.0,3.5,5,0.049369628508004304,0.6273279452253635
full_original,outer_01,36.0,4.0,5,0.08293190147845553,0.3013499164806155
full_original,outer_01,36.0,4.5,5,0.270351933383704,1.8659300057610049
full_original,outer_01,36.0,5.0,5,0.2906661787858606,1.8044894468482513
full_original,outer_01,36.0,5.5,5,0.2734127389461409,1.4266261893751193
full_original,outer_01,36.0,6.0,5,0.24153629983050517,0.9288618174055215
full_original,outer_01,36.0,6.5,5,0.18011644291390588,0.41794181144620557
full_original,outer_01,36.0,7.0,5,0.09389750931175933,0.10246102311503036
full_original,outer_10,36.0,3.5,5,0.01599821374310334,0.026778801485187465
full_original,outer_10,36.0,4.0,5,0.04141540718242975,0.17932452621940503
full_original,outer_10,36.0,4.5,5,0.041201078661334545,0.11726912516270521
full_original,outer_10,36.0,5.0,5,0.03933611044444943,0.0920441037453052
full_original,outer_10,36.0,5.5,5,0.03818716209816031,0.07854523571945235
full_original,outer_10,36.0,6.0,5,0.037473198704599836,0.06136070192200194
full_original,outer_10,36.0,6.5,5,0.03533639740012107,0.03792772710496514
full_original,outer_10,36.0,7.0,5,0.026785649841714387,0.03452764494147287
full_original,inner_avg,36.0,3.5,5,0.028656126470290255,0.3004358618028914
full_original,inner_avg,36.0,4.0,5,0.010558639884442333,0.11873515686517555
full_original,inner_avg,36.0,4.5,5,0.008931316136577161,0.02106122874170746
full_original,inner_avg,36.0,5.0,5,0.009205078749563222,0.021723553194027412
full_original,inner_avg,36.0,5.5,5,0.007544276643362491,0.023059511782962283
full_original,inner_avg,36.0,6.0,5,0.0071638861484710215,0.024667227074111175
full_original,inner_avg,36.0,6.5,5,0.008856866000884978,0.02729902418160518
full_original,inner_avg,36.0,7.0,5,0.010363048741357295,0.030352144660903635
loreau,outer_01,18.0,3.5,4,0.23006129672465653,0.2692760658695562
loreau,outer_01,18.0,4.0,4,0.43576110633925264,0.7187556491572359
loreau,outer_01,18.0,4.5,5,0.6390083549741614,2.688722727616864
loreau,outer_01,18.0,5.0,6,0.8671221556133084,6.157549180240727
loreau,outer_01,18.0,5.5,6,0.6927100750721276,2.3523296361993906
loreau,outer_01,18.0,6.0,6,0.4256527972985691,0.5655173760144995
loreau,outer_01,18.0,6.5,6,0.16243851745228483,0.2009759946952891
loreau,outer_01,18.0,7.0,6,0.07116655729911328,0.08956671503951158
loreau,outer_10,18.0,3.5,4,0.20483908320113073,0.29013033245645603
loreau,outer_10,18.0,4.0,4,0.18496385939245896,0.2504340314320064
loreau,outer_10,18.0,4.5,5,0.17120943862664947,0.2587790830107991
loreau,outer_10,18.0,5.0,6,0.16615391614878827,0.2938986189775822
loreau,outer_10,18.0,5.5,6,0.1456906690544973,0.21860995326783256
loreau,outer_10,18.0,6.0,6,0.1052451630427891,0.11450029846885507
loreau,outer_10,18.0,6.5,6,0.05606755519379951,0.08253190412769035
loreau,outer_10,18.0,7.0,6,0.041499925268076415,0.046795342602729606
loreau,inner_avg,18.0,3.5,4,0.07793626978836626,0.31067524701203875
loreau,inner_avg,18.0,4.0,4,0.013840227398934202,0.03693014022177299
loreau,inner_avg,18.0,4.5,5,0.014248330160494815,0.022822994272780173
loreau,inner_avg,18.0,5.0,6,0.019897461671376654,0.046006856763944004
loreau,inner_avg,18.0,5.5,6,0.021043986197847447,0.030650434360752432
loreau,inner_avg,18.0,6.0,6,0.018321293550811607,0.03435595880670972
loreau,inner_avg,18.0,6.5,6,0.015858405951534232,0.03453267491084189
loreau,inner_avg,18.0,7.0,6,0.016799096318382528,0.03792734403177356
loreau,outer_01,26.0,3.5,5,1.0185421300397945,2.5009930716584288
loreau,outer_01,26.0,4.0,6,3.4661314353638364,353.87820235713434
loreau,outer_01,26.0,4.5,6,4.0795256567198095,812.049997373422
loreau,outer_01,26.0,5.0,6,3.4649498741210225,271.0253925980498
loreau,outer_01,26.0,5.5,6,2.475183718892362,40.69922432005614
loreau,outer_01,26.0,6.0,6,1.3760896323302032,4.595630469100661
loreau,outer_01,26.0,6.5,6,0.533269166127087,0.6002399275089288
loreau,outer_01,26.0,7.0,6,0.15378944275254328,0.2046861840446902
loreau,outer_10,26.0,3.5,5,0.3283924179609034,0.40837116393798617
loreau,outer_10,26.0,4.0,6,0.2975135334584569,0.4700899576650224
loreau,outer_10,26.0,4.5,6,0.24306631698583087,0.34919728194414085
loreau,outer_10,26.0,5.0,6,0.2146235846780734,0.28926888461741007
loreau,outer_10,26.0,5.5,6,0.19995040661216396,0.24314133045798514
loreau,outer_10,26.0,6.0,6,0.1733722318750123,0.1850934755150217
loreau,outer_10,26.0,6.5,6,0.126846050663189,0.15247781969732346
loreau,outer_10,26.0,7.0,6,0.06439032544021063,0.10120390804724702
loreau,inner_avg,26.0,3.5,5,0.05652082691313076,0.4102350697042002
loreau,inner_avg,26.0,4.0,6,0.013262687396867368,0.18289689561491707
loreau,inner_avg,26.0,4.5,6,0.016640985768700267,0.025478347760090836
loreau,inner_avg,26.0,5.0,6,0.01479438551947318,0.028878943279637026
loreau,inner_avg,26.0,5.5,6,0.014672710912166292,0.02724082584522014
loreau,inner_avg,26.0,6.0,6,0.014119849679119806,0.03143795746517253
loreau,inner_avg,26.0,6.5,6,0.015029987198420774,0.03627432239430395
loreau,inner_avg,26.0,7.0,6,0.01568582564266488,0.04103115765792176
loreau,outer_01,36.0,3.5,5,2.6653792317581733,25.45846480476382
loreau,outer_01,36.0,4.0,6,11.055998379949397,31231.532235902996
loreau,outer_01,36.0,4.5,6,11.979777075694573,39159.7079969471
loreau,outer_01,36.0,5.0,6,8.874787658167756,5044.927200889166
loreau,outer_01,36.0,5.5,6,5.6646750351188215,375.26737447416843
loreau,outer_01,36.0,6.0,5,3.9430463729878875,23.38987407727686
loreau,outer_01,36.0,6.5,6,1.236472075118186,2.1633869349472374
loreau,outer_01,36.0,7.0,6,0.35538779131983084,0.41051220875577515
loreau,outer_10,36.0,3.5,5,0.3979728804430434,0.4275811598611171
loreau,outer_10,36.0,4.0,6,0.3351763408744972,0.44724723892360524
loreau,outer_10,36.0,4.5,6,0.2718574879385217,0.3203479043368407
loreau,outer_10,36.0,5.0,6,0.2438694938914282,0.2603232520995594
loreau,outer_10,36.0,5.5,6,0.22572585160633796,0.24479535313562112
loreau,outer_10,36.0,6.0,5,0.18882905681292217,0.23080049436679162
loreau,outer_10,36.0,6.5,6,0.16827546871745727,0.20180079211115834
loreau,outer_10,36.0,7.0,6,0.1141069451187758,0.14733987361502354
loreau,inner_avg,36.0,3.5,5,0.029516825560710003,0.2891350634293888
loreau,inner_avg,36.0,4.0,6,0.010115234675730445,0.10415849280879541
loreau,inner_avg,36.0,4.5,6,0.01085676713860681,0.025794975758997363
loreau,inner_avg,36.0,5.0,6,0.007278651872630992,0.02442900230830214
loreau,inner_avg,36.0,5.5,6,0.00550595304662746,0.024634322414329834
loreau,inner_avg,36.0,6.0,5,0.008113432810698873,0.02580072669070943
loreau,inner_avg,36.0,6.5,6,0.006844173820121702,0.02815223213115886
loreau,inner_avg,36.0,7.0,6,0.008179497189962331,0.030890875617589075
