Initial,Final,15K,30K,100K,300K
"1, 1l","1, 1u",6.7e-11,6.8e-11,7.8e-11,8.7e-11
"1, 1l","2, 2l",9.1e-13,4.1e-12,1.5e-11,2.7e-11
"1, 1l","2, 2u",6.8e-14,2.2e-13,2.3e-13,4.1e-13
"1, 1l","2, 1l",1.2e-13,9.6e-13,5.0e-12,1.1e-11
"1, 1l","2, 1u",7.0e-13,3.4e-12,2.9e-11,6.3e-11
"1, 1l","3, 2l",6.6e-15,5.8e-14,1.8e-12,5.8e-12
"1, 1l","3, 2u",1.0e-15,9.6e-14,3.9e-12,1.7e-11
"1, 1l","3, 1l",1.4e-16,1.6e-14,5.1e-13,2.4e-12
"1, 1l","3, 1u",5.1e-16,6.7e-14,2.7e-12,1.0e-11
"1, 1l","4, 4l",8.7e-18,1.0e-14,1.8e-12,1.1e-11
"1, 1l","4, 4u",8.1e-19,1.1e-15,3.2e-13,2.6e-12
"1, 1l","4, 2l",3.8e-20,1.9e-16,1.3e-13,1.3e-12
"1, 1l","4, 2u",1.3e-19,7.0e-16,4.7e-13,4.3e-12
"1, 1l","4, 1l",6.3e-21,5.2e-17,4.6e-14,4.7e-13
"1, 1l","4, 1u",3.1e-20,2.5e-16,2.0e-13,1.8e-12
"1, 1u","2, 2l",8.9e-14,2.5e-13,3.8e-13,4.6e-13
"1, 1u","2, 2u",9.0e-13,4.0e-12,1.5e-11,2.7e-11
"1, 1u","2, 1l",8.0e-13,3.8e-12,3.0e-11,6.3e-11
"1, 1u","2, 1u",1.3e-13,9.5e-13,4.9e-12,1.1e-11
"1, 1u","3, 2l",1.2e-15,1.1e-13,4.1e-12,1.8e-11
"1, 1u","3, 2u",6.7e-16,5.7e-14,1.8e-12,6.0e-12
"1, 1u","3, 1l",5.8e-16,7.3e-14,2.8e-12,1.1e-11
"1, 1u","3, 1u",1.4e-16,1.6e-14,5.3e-13,2.7e-12
"1, 1u","4, 4l",8.8e-19,1.1e-15,3.2e-13,2.7e-12
"1, 1u","4, 4u",9.1e-18,1.0e-14,1.8e-12,1.1e-11
"1, 1u","4, 2l",1.5e-19,7.6e-16,4.9e-13,4.4e-12
"1, 1u","4, 2u",3.8e-20,1.9e-16,1.3e-13,1.3e-12
"1, 1u","4, 1l",3.5e-20,2.8e-16,2.1e-13,1.8e-12
"1, 1u","4, 1u",6.7e-21,5.4e-17,5.5e-14,6.3e-13
"2, 2l","2, 2u",7.9e-11,8.1e-11,9.5e-11,1.2e-10
"2, 2l","2, 1l",3.9e-12,6.9e-12,1.3e-11,1.7e-11
"2, 2l","2, 1u",1.0e-12,2.1e-12,6.1e-12,1.4e-11
"2, 2l","3, 2l",9.9e-15,2.2e-13,2.6e-12,7.4e-12
"2, 2l","3, 2u",5.3e-14,1.1e-12,1.5e-11,3.9e-11
"2, 2l","3, 1l",4.6e-15,1.5e-13,2.4e-12,6.6e-12
"2, 2l","3, 1u",4.7e-15,1.7e-13,3.6e-12,1.3e-11
"2, 2l","4, 4l",3.2e-17,9.5e-15,7.2e-13,3.5e-12
"2, 2l","4, 4u",2.9e-18,7.8e-16,4.1e-14,1.6e-13
"2, 2l","4, 2l",8.7e-19,1.1e-15,2.2e-13,1.3e-12
"2, 2l","4, 2u",2.8e-18,3.5e-15,7.4e-13,4.5e-12
"2, 2l","4, 1l",2.0e-19,4.3e-16,1.5e-13,1.2e-12
"2, 2l","4, 1u",7.4e-19,1.6e-15,5.1e-13,3.7e-12
"2, 2u","2, 1l",1.1e-12,2.2e-12,6.2e-12,1.4e-11
"2, 2u","2, 1u",4.0e-12,7.0e-12,1.3e-11,1.7e-11
"2, 2u","3, 2l",6.1e-14,1.2e-12,1.5e-11,4.0e-11
"2, 2u","3, 2u",1.0e-14,2.2e-13,2.5e-12,7.4e-12
"2, 2u","3, 1l",5.3e-15,1.8e-13,3.7e-12,1.3e-11
"2, 2u","3, 1u",4.8e-15,1.6e-13,2.4e-12,6.7e-12
"2, 2u","4, 4l",3.4e-18,8.6e-16,4.4e-14,1.8e-13
"2, 2u","4, 4u",3.3e-17,9.6e-15,7.2e-13,3.5e-12
"2, 2u","4, 2l",3.3e-18,3.9e-15,7.8e-13,4.6e-12
"2, 2u","4, 2u",9.0e-19,1.1e-15,2.2e-13,1.3e-12
"2, 2u","4, 1l",8.5e-19,1.7e-15,5.3e-13,3.8e-12
"2, 2u","4, 1u",2.1e-19,4.3e-16,1.5e-13,1.1e-12
"2, 1l","2, 1u",2.6e-11,3.0e-11,3.9e-11,4.7e-11
"2, 1l","3, 2l",1.1e-13,1.3e-12,9.5e-12,1.9e-11
"2, 1l","3, 2u",1.6e-14,1.8e-13,9.9e-13,2.0e-12
"2, 1l","3, 1l",6.0e-15,1.2e-13,1.3e-12,3.9e-12
"2, 1l","3, 1u",6.1e-14,1.3e-12,1.6e-11,4.8e-11
"2, 1l","4, 4l",5.8e-16,9.5e-14,3.7e-12,1.2e-11
"2, 1l","4, 4u",2.9e-16,4.7e-14,2.3e-12,9.8e-12
"2, 1l","4, 2l",6.2e-18,4.5e-15,6.4e-13,3.5e-12
"2, 1l","4, 2u",9.2e-18,7.1e-15,1.2e-12,7.1e-12
"2, 1l","4, 1l",1.0e-18,8.9e-16,1.3e-13,6.9e-13
"2, 1l","4, 1u",2.0e-18,2.0e-15,3.8e-13,2.3e-12
"2, 1u","3, 2l",2.5e-14,2.3e-13,1.1e-12,2.0e-12
"2, 1u","3, 2u",1.1e-13,1.3e-12,9.5e-12,2.0e-11
"2, 1u","3, 1l",7.0e-14,1.4e-12,1.7e-11,4.9e-11
"2, 1u","3, 1u",6.0e-15,1.2e-13,1.3e-12,4.0e-12
"2, 1u","4, 4l",3.1e-16,5.0e-14,2.3e-12,1.0e-11
"2, 1u","4, 4u",6.1e-16,9.6e-14,3.7e-12,1.2e-11
"2, 1u","4, 2l",1.1e-17,7.8e-15,1.2e-12,7.3e-12
"2, 1u","4, 2u",6.8e-18,4.6e-15,6.5e-13,3.6e-12
"2, 1u","4, 1l",2.9e-18,2.5e-15,3.8e-13,2.3e-12
"2, 1u","4, 1u",1.6e-18,1.2e-15,1.5e-13,7.7e-13
"3, 2l","3, 2u",2.5e-11,3.3e-11,4.9e-11,6.7e-11
"3, 2l","3, 1l",4.4e-12,8.1e-12,1.5e-11,2.0e-11
"3, 2l","3, 1u",4.3e-13,8.9e-13,2.4e-12,4.9e-12
"3, 2l","4, 4l",6.2e-15,1.0e-13,9.6e-13,2.6e-12
"3, 2l","4, 4u",2.1e-15,3.8e-14,5.2e-13,1.8e-12
"3, 2l","4, 2l",5.6e-16,3.8e-14,1.0e-12,3.7e-12
"3, 2l","4, 2u",4.0e-15,2.7e-13,8.0e-12,3.0e-11
"3, 2l","4, 1l",5.2e-16,5.8e-14,2.0e-12,7.2e-12
"3, 2l","4, 1u",3.5e-16,4.2e-14,1.8e-12,7.5e-12
"3, 2u","3, 1l",5.1e-13,9.7e-13,2.5e-12,5.1e-12
"3, 2u","3, 1u",4.6e-12,8.2e-12,1.5e-11,2.1e-11
"3, 2u","4, 4l",2.3e-15,4.0e-14,5.3e-13,1.8e-12
"3, 2u","4, 4u",6.4e-15,1.0e-13,9.7e-13,2.7e-12
"3, 2u","4, 2l",4.7e-15,3.0e-13,8.3e-12,3.1e-11
"3, 2u","4, 2u",5.5e-16,3.7e-14,1.0e-12,3.7e-12
"3, 2u","4, 1l",4.1e-16,4.6e-14,1.9e-12,7.6e-12
"3, 2u","4, 1u",5.4e-16,5.8e-14,2.1e-12,7.6e-12
"3, 1l","3, 1u",1.1e-11,1.2e-11,1.8e-11,2.6e-11
"3, 1l","4, 4l",1.8e-13,1.6e-12,7.2e-12,1.2e-11
"3, 1l","4, 4u",1.4e-13,1.3e-12,6.9e-12,1.5e-11
"3, 1l","4, 2l",8.7e-15,3.4e-13,5.9e-12,1.7e-11
"3, 1l","4, 2u",1.2e-15,4.9e-14,9.2e-13,2.9e-12
"3, 1l","4, 1l",3.3e-16,2.2e-14,5.5e-13,2.1e-12
"3, 1l","4, 1u",5.3e-15,3.6e-13,9.9e-12,3.7e-11
"3, 1u","4, 4l",1.5e-13,1.3e-12,7.0e-12,1.5e-11
"3, 1u","4, 4u",1.9e-13,1.6e-12,7.2e-12,1.2e-11
"3, 1u","4, 2l",1.5e-15,5.5e-14,9.7e-13,3.0e-12
"3, 1u","4, 2u",8.9e-15,3.5e-13,5.9e-12,1.7e-11
"3, 1u","4, 1l",6.1e-15,4.0e-13,1.0e-11,3.8e-11
"3, 1u","4, 1u",3.5e-16,2.2e-14,5.6e-13,2.0e-12
"4, 4l","4, 4u",2.1e-11,5.3e-11,1.0e-10,1.5e-10
"4, 4l","4, 2l",2.7e-15,4.7e-14,4.9e-13,1.4e-12
"4, 4l","4, 2u",2.2e-15,4.0e-14,5.2e-13,1.7e-12
"4, 4l","4, 1l",8.7e-15,1.7e-13,1.9e-12,5.2e-12
"4, 4l","4, 1u",1.0e-14,2.1e-13,2.7e-12,8.2e-12
"4, 4u","4, 2l",2.2e-15,4.0e-14,5.3e-13,1.7e-12
"4, 4u","4, 2u",2.6e-15,4.5e-14,4.9e-13,1.4e-12
"4, 4u","4, 1l",1.1e-14,2.2e-13,2.7e-12,8.3e-12
"4, 4u","4, 1u",8.8e-15,1.7e-13,1.9e-12,5.2e-12
"4, 2l","4, 2u",8.3e-12,1.7e-11,3.1e-11,4.6e-11
"4, 2l","4, 1l",3.0e-12,7.3e-12,1.6e-11,2.6e-11
"4, 2l","4, 1u",1.6e-13,3.9e-13,1.1e-12,2.2e-12
"4, 2u","4, 1l",1.8e-13,4.2e-13,1.1e-12,2.3e-12
"4, 2u","4, 1u",3.1e-12,7.3e-12,1.6e-11,2.6e-11
"4, 1l","4, 1u",4.0e-12,6.6e-12,1.0e-11,1.4e-11