Initial,Final,15K,25K,50K,100K
Initial,Final,15K,25K,50K,100K
"110L","112U",0.27,0.30,0.31,0.35
"110L","111U",0.73,0.70,0.69,0.65
"110L","212U",0.26,0.28,0.30,0.34
"110L","213U",0.15,0.15,0.15,0.15
"110L","211U",0.59,0.57,0.55,0.51
"110L","323U",0.13,0.15,0.16,0.18
"110L","324U",0.78,0.75,0.73,0.72
"110L","322U",8.84E-02,0.10,0.11,0.10
"110L","313U",0.67,0.60,0.59,0.64
"110L","314U",0.22,0.27,0.28,0.24
"110L","312U",0.11,0.13,0.13,0.12
"110L","443U",0.15,0.17,0.18,0.18
"110L","445U",0.24,0.29,0.32,0.36
"110L","444U",0.61,0.54,0.50,0.45
"112L","110U",5.40E-02,5.98E-02,6.22E-02,6.94E-02
"112L","112U",0.64,0.63,0.63,0.61
"112L","111U",0.30,0.31,0.31,0.32
"112L","221U",*),*),*),*)
"112L","223U",*),*),*),*)
"112L","222U",*),*),*),*)
"112L","212U",0.24,0.24,0.25,0.25
"112L","213U",0.68,0.67,0.67,0.66
"112L","211U",8.39E-02,8.56E-02,8.61E-02,8.86E-02
"112L","323U",0.36,0.36,0.36,0.36
"112L","324U",0.28,0.30,0.31,0.31
"112L","322U",0.36,0.35,0.34,0.34
"112L","313U",0.36,0.35,0.35,0.35
"112L","314U",0.45,0.44,0.44,0.45
"112L","312U",0.19,0.21,0.21,0.20
"112L","443U",0.23,0.24,0.25,0.26
"112L","445U",0.42,0.41,0.41,0.40
"112L","444U",0.36,0.35,0.35,0.35
"111L","110U",0.24,0.23,0.23,0.22
"111L","112U",0.51,0.52,0.52,0.53
"111L","111U",0.25,0.25,0.25,0.25
"111L","212U",0.51,0.50,0.49,0.46
"111L","213U",0.22,0.23,0.24,0.26
"111L","211U",0.26,0.27,0.27,0.28
"111L","323U",0.36,0.35,0.35,0.35
"111L","324U",0.55,0.54,0.53,0.53
"111L","322U",9.21E-02,0.10,0.11,0.12
"111L","313U",0.18,0.21,0.22,0.20
"111L","314U",0.46,0.46,0.46,0.46
"111L","312U",0.35,0.33,0.32,0.34
"111L","443U",0.35,0.33,0.31,0.29
"111L","445U",0.44,0.44,0.44,0.44
"111L","444U",0.20,0.23,0.25,0.27
"110U","112U",5.31E-02,3.26E-02,2.48E-02,1.37E-02
"110U","111U",0.14,0.11,8.61E-02,4.41E-02
"110U","221U",6.27E-02,6.48E-02,6.72E-02,3.81E-02
"110U","223U",0.84,0.83,0.82,0.86
"110U","222U",0.10,0.11,0.11,9.91E-02
"110U","212U",0.68,0.65,0.71,0.56
"110U","213U",0.25,0.27,0.22,0.35
"110U","211U",7.71E-02,7.84E-02,7.38E-02,9.23E-02
"110U","323U",0.66,0.63,0.59,0.64
"110U","324U",0.23,0.25,0.27,0.24
"110U","322U",0.11,0.13,0.13,0.12
"110U","313U",0.22,0.24,0.20,0.25
"110U","314U",0.11,0.12,9.57E-02,0.22
"110U","312U",0.66,0.64,0.70,0.53
"110U","443U",0.68,0.65,0.62,0.68
"110U","445U",0.11,0.12,0.13,7.57E-02
"110U","444U",0.21,0.23,0.25,0.25
"112U","111U",5.86E-02,4.30E-02,3.27E-02,1.72E-02
"112U","221U",0.31,0.31,0.31,0.32
"112U","223U",0.31,0.31,0.32,0.29
"112U","222U",0.38,0.38,0.38,0.39
"112U","212U",0.35,0.35,0.35,0.35
"112U","213U",0.50,0.50,0.51,0.47
"112U","211U",0.15,0.16,0.14,0.18
"112U","323U",0.35,0.35,0.35,0.35
"112U","324U",0.45,0.45,0.44,0.45
"112U","322U",0.19,0.20,0.21,0.20
"112U","313U",0.26,0.26,0.25,0.28
"112U","314U",0.64,0.63,0.66,0.57
"112U","312U",9.93E-02,0.10,9.01E-02,0.15
"112U","443U",0.12,0.12,0.13,0.11
"112U","445U",0.61,0.60,0.59,0.62
"112U","444U",0.27,0.28,0.28,0.27
"111U","221U",6.09E-02,6.40E-02,6.69E-02,5.41E-02
"111U","223U",0.60,0.60,0.60,0.62
"111U","222U",0.33,0.33,0.33,0.32
"111U","212U",0.20,0.20,0.19,0.23
"111U","213U",0.48,0.48,0.48,0.49
"111U","211U",0.32,0.31,0.34,0.27
"111U","323U",0.19,0.20,0.22,0.20
"111U","324U",0.46,0.46,0.46,0.46
"111U","322U",0.35,0.34,0.33,0.34
"111U","313U",0.49,0.48,0.51,0.45
"111U","314U",0.18,0.19,0.16,0.26
"111U","312U",0.33,0.33,0.33,0.29
"111U","443U",0.36,0.36,0.36,0.37
"111U","445U",0.17,0.18,0.20,0.17
"111U","444U",0.47,0.46,0.45,0.46
"221L","221U",0.46,0.43,0.41,0.36
"221L","223U",0.15,0.17,0.18,0.21
"221L","222U",0.39,0.40,0.41,0.43
"221L","212U",0.15,0.17,0.18,0.18
"221L","213U",0.78,0.75,0.73,0.73
"221L","211U",6.60E-02,7.51E-02,8.32E-02,8.38E-02
"221L","323U",0.27,0.28,0.29,0.31
"221L","324U",0.13,0.14,0.14,0.13
"221L","322U",0.59,0.58,0.57,0.55
"221L","313U",0.45,0.42,0.39,0.33
"221L","314U",0.42,0.44,0.46,0.52
"221L","312U",0.13,0.14,0.15,0.15
"223L","221U",6.54E-02,7.39E-02,7.57E-02,8.94E-02
"223L","223U",0.70,0.68,0.67,0.64
"223L","222U",0.23,0.25,0.25,0.28
"223L","212U",0.38,0.38,0.37,0.37
"223L","213U",0.29,0.30,0.31,0.31
"223L","211U",0.33,0.32,0.31,0.31
"223L","323U",0.23,0.23,0.23,0.24
"223L","324U",0.69,0.68,0.68,0.67
"223L","322U",8.53E-02,8.95E-02,8.92E-02,8.67E-02
"223L","313U",0.38,0.37,0.36,0.36
"223L","314U",0.38,0.38,0.38,0.36
"223L","312U",0.24,0.25,0.26,0.28
"223L","445U",*),*),*),*)
"222L","221U",0.23,0.24,0.25,0.26
"222L","223U",0.33,0.35,0.36,0.39
"222L","222U",0.44,0.41,0.39,0.36
"222L","212U",0.38,0.37,0.37,0.37
"222L","213U",0.53,0.53,0.52,0.52
"222L","211U",9.14E-02,0.10,0.11,0.11
"222L","323U",0.52,0.51,0.50,0.47
"222L","324U",0.24,0.25,0.25,0.27
"222L","322U",0.24,0.24,0.25,0.26
"222L","313U",0.20,0.23,0.26,0.30
"222L","314U",0.50,0.49,0.48,0.47
"222L","312U",0.30,0.28,0.26,0.23
"221U","223U",4.21E-02,2.51E-02,1.91E-02,1.20E-02
"221U","222U",0.11,9.20E-02,7.13E-02,4.14E-02
"221U","212U",0.49,0.47,0.44,0.45
"221U","213U",0.42,0.43,0.45,0.47
"221U","211U",9.27E-02,9.83E-02,0.10,8.89E-02
"221U","323U",0.40,0.40,0.40,0.39
"221U","324U",0.15,0.17,0.13,0.27
"221U","322U",0.45,0.43,0.47,0.35
"221U","313U",0.49,0.48,0.47,0.49
"221U","314U",0.24,0.25,0.27,0.27
"221U","312U",0.27,0.27,0.26,0.24
"221U","443U",8.06E-02,9.01E-02,0.10,0.10
"221U","445U",0.75,0.72,0.69,0.68
"221U","444U",0.17,0.19,0.21,0.21
"223U","222U",6.77E-02,5.08E-02,3.92E-02,2.31E-02
"223U","212U",0.38,0.38,0.38,0.38
"223U","213U",0.44,0.43,0.43,0.42
"223U","211U",0.18,0.19,0.19,0.20
"223U","323U",0.28,0.29,0.28,0.31
"223U","324U",0.62,0.60,0.64,0.53
"223U","322U",0.10,0.11,8.85E-02,0.16
"223U","313U",0.34,0.34,0.35,0.35
"223U","314U",0.51,0.50,0.49,0.48
"223U","312U",0.15,0.16,0.17,0.17
"223U","443U",0.43,0.42,0.40,0.40
"223U","445U",0.22,0.23,0.25,0.25
"223U","444U",0.36,0.34,0.35,0.35
"222U","212U",0.17,0.19,0.20,0.20
"222U","213U",0.54,0.53,0.53,0.54
"222U","211U",0.29,0.28,0.27,0.27
"222U","323U",0.37,0.35,0.37,0.33
"222U","324U",0.33,0.34,0.32,0.38
"222U","322U",0.30,0.30,0.31,0.28
"222U","313U",0.22,0.23,0.23,0.21
"222U","314U",0.43,0.44,0.44,0.45
"222U","312U",0.34,0.34,0.33,0.34
"222U","443U",0.12,0.13,0.15,0.16
"222U","445U",0.46,0.46,0.46,0.46
"222U","444U",0.42,0.41,0.39,0.39
"212L","212U",0.40,0.38,0.37,0.34
"212L","213U",0.36,0.37,0.39,0.42
"212L","211U",0.24,0.24,0.25,0.24
"212L","323U",0.20,0.23,0.26,0.30
"212L","324U",0.50,0.49,0.48,0.47
"212L","322U",0.30,0.28,0.26,0.23
"212L","313U",0.58,0.56,0.55,0.51
"212L","314U",0.20,0.22,0.22,0.25
"212L","312U",0.22,0.23,0.23,0.24
"212L","443U",0.35,0.33,0.31,0.29
"212L","445U",0.42,0.42,0.42,0.43
"212L","444U",0.23,0.26,0.28,0.29
"213L","212U",0.26,0.27,0.28,0.30
"213L","213U",0.66,0.64,0.62,0.56
"213L","211U",8.43E-02,9.47E-02,0.10,0.14
"213L","323U",0.38,0.37,0.36,0.36
"213L","324U",0.38,0.38,0.38,0.36
"213L","322U",0.24,0.25,0.26,0.28
"213L","313U",0.20,0.21,0.22,0.23
"213L","314U",0.73,0.71,0.71,0.68
"213L","312U",7.02E-02,7.60E-02,7.87E-02,8.75E-02
"213L","443U",0.19,0.20,0.22,0.25
"213L","445U",0.46,0.45,0.44,0.41
"213L","444U",0.35,0.35,0.34,0.35
"211L","212U",0.40,0.40,0.41,0.39
"211L","213U",0.20,0.22,0.24,0.32
"211L","211U",0.40,0.37,0.35,0.29
"211L","323U",0.45,0.42,0.39,0.33
"211L","324U",0.42,0.44,0.46,0.52
"211L","322U",0.13,0.14,0.15,0.15
"211L","313U",0.23,0.24,0.24,0.27
"211L","314U",0.11,0.12,0.12,0.14
"211L","312U",0.66,0.64,0.62,0.59
"211L","443U",0.28,0.28,0.27,0.24
"211L","445U",0.26,0.29,0.32,0.38
"211L","444U",0.46,0.43,0.41,0.38
"212U","213U",9.23E-02,6.92E-02,5.29E-02,2.73E-02
"212U","211U",6.76E-02,5.46E-02,4.22E-02,2.25E-02
"212U","323U",0.25,0.25,0.26,0.26
"212U","324U",0.42,0.42,0.43,0.44
"212U","322U",0.33,0.32,0.31,0.30
"212U","313U",0.37,0.37,0.38,0.30
"212U","314U",0.34,0.35,0.33,0.40
"212U","312U",0.29,0.28,0.29,0.30
"212U","443U",0.34,0.34,0.33,0.35
"212U","445U",0.33,0.34,0.35,0.34
"212U","444U",0.33,0.33,0.32,0.31
"213U","211U",1.71E-02,9.75E-03,7.03E-03,3.05E-03
"213U","323U",0.34,0.34,0.34,0.34
"213U","324U",0.51,0.50,0.49,0.47
"213U","322U",0.15,0.16,0.17,0.18
"213U","313U",0.29,0.29,0.28,0.32
"213U","314U",0.59,0.57,0.61,0.52
"213U","312U",0.12,0.14,0.11,0.16
"213U","443U",0.12,0.13,0.14,0.12
"213U","445U",0.58,0.56,0.55,0.57
"213U","444U",0.30,0.31,0.31,0.31
"211U","323U",0.47,0.46,0.44,0.44
"211U","324U",0.24,0.26,0.29,0.31
"211U","322U",0.29,0.28,0.27,0.25
"211U","313U",0.38,0.37,0.38,0.41
"211U","314U",0.19,0.23,0.17,0.27
"211U","312U",0.43,0.40,0.44,0.32
"211U","443U",0.45,0.44,0.42,0.44
"211U","445U",0.14,0.16,0.18,0.14
"211U","444U",0.40,0.41,0.41,0.42
"323L","323U",0.56,0.50,0.46,0.39
"323L","324U",0.24,0.28,0.30,0.35
"323L","322U",0.20,0.22,0.24,0.26
"323L","313U",0.28,0.29,0.30,0.34
"323L","314U",0.45,0.45,0.44,0.44
"323L","312U",0.27,0.26,0.25,0.22
"323L","443U",0.14,0.16,0.18,0.19
"323L","445U",0.43,0.43,0.43,0.43
"323L","444U",0.43,0.41,0.39,0.39
"324L","323U",0.19,0.21,0.23,0.27
"324L","324U",0.76,0.72,0.70,0.62
"324L","322U",5.06E-02,6.13E-02,6.39E-02,0.11
"324L","313U",0.35,0.35,0.35,0.34
"324L","314U",0.41,0.42,0.41,0.38
"324L","312U",0.23,0.23,0.24,0.28
"324L","443U",0.45,0.43,0.40,0.38
"324L","445U",0.21,0.23,0.26,0.27
"324L","444U",0.34,0.34,0.34,0.34
"322L","323U",0.28,0.31,0.34,0.37
"322L","324U",9.11E-02,0.11,0.11,0.19
"322L","322U",0.63,0.58,0.54,0.44
"322L","313U",0.37,0.36,0.36,0.31
"322L","314U",0.42,0.42,0.43,0.50
"322L","312U",0.21,0.22,0.21,0.19
"322L","443U",8.56E-02,0.10,0.12,0.14
"322L","445U",0.73,0.69,0.65,0.62
"322L","444U",0.19,0.21,0.23,0.25
"323U","324U",8.76E-02,6.66E-02,5.12E-02,2.73E-02
"323U","322U",7.15E-02,5.74E-02,4.43E-02,2.41E-02
"323U","313U",0.28,0.28,0.27,0.27
"323U","314U",0.40,0.41,0.42,0.42
"323U","312U",0.31,0.31,0.31,0.31
"323U","443U",0.30,0.29,0.27,0.24
"323U","445U",0.48,0.47,0.46,0.44
"323U","444U",0.22,0.24,0.27,0.32
"324U","322U",1.93E-02,1.08E-02,8.02E-03,3.71E-03
"324U","313U",0.31,0.32,0.32,0.33
"324U","314U",0.58,0.57,0.54,0.53
"324U","312U",0.11,0.12,0.13,0.14
"324U","443U",0.31,0.30,0.31,0.34
"324U","445U",0.31,0.32,0.32,0.31
"324U","444U",0.39,0.38,0.37,0.36
"322U","313U",0.44,0.44,0.43,0.43
"322U","314U",0.20,0.21,0.24,0.26
"322U","312U",0.36,0.35,0.33,0.32
"322U","443U",0.12,0.14,0.15,0.15
"322U","445U",0.48,0.48,0.49,0.54
"322U","444U",0.40,0.38,0.36,0.31
"313L","313U",0.52,0.46,0.41,0.33
"313L","314U",0.27,0.30,0.32,0.38
"313L","312U",0.22,0.24,0.27,0.29
"313L","443U",0.34,0.33,0.32,0.30
"313L","445U",0.42,0.42,0.42,0.43
"313L","444U",0.24,0.25,0.26,0.27
"314L","313U",0.21,0.23,0.25,0.30
"314L","314U",0.74,0.70,0.68,0.58
"314L","312U",5.73E-02,6.94E-02,6.98E-02,0.12
"314L","443U",0.16,0.18,0.19,0.23
"314L","445U",0.49,0.48,0.46,0.42
"314L","444U",0.35,0.35,0.35,0.35
"312L","313U",0.31,0.34,0.37,0.40
"312L","314U",0.10,0.12,0.13,0.22
"312L","312U",0.59,0.54,0.50,0.38
"312L","443U",0.32,0.31,0.30,0.26
"312L","445U",0.24,0.27,0.29,0.35
"312L","444U",0.44,0.43,0.41,0.39
"313U","314U",8.82E-02,6.79E-02,5.19E-02,2.75E-02
"313U","312U",7.20E-02,5.85E-02,4.51E-02,2.44E-02
"313U","443U",0.31,0.31,0.32,0.33
"313U","445U",0.33,0.34,0.36,0.37
"313U","444U",0.36,0.34,0.32,0.30
"314U","312U",1.94E-02,1.11E-02,7.83E-03,3.59E-03
"314U","443U",9.70E-02,0.10,0.12,0.12
"314U","445U",0.62,0.60,0.58,0.57
"314U","444U",0.29,0.29,0.30,0.31
"312U","443U",0.48,0.47,0.44,0.42
"312U","445U",0.14,0.14,0.17,0.16
"312U","444U",0.38,0.39,0.40,0.42
"443L","443U",0.66,0.62,0.60,0.53
"443L","445U",9.12E-02,0.11,0.11,0.14
"443L","444U",0.25,0.27,0.29,0.33
"445L","443U",5.80E-02,6.84E-02,6.97E-02,9.13E-02
"445L","445U",0.76,0.73,0.71,0.66
"445L","444U",0.18,0.21,0.22,0.25
"444L","443U",0.19,0.21,0.22,0.26
"444L","445U",0.22,0.25,0.26,0.31
"444L","444U",0.58,0.54,0.51,0.43
"443U","445U",3.21E-02,1.84E-02,1.31E-02,9.70E-03
"443U","444U",9.58E-02,7.65E-02,5.94E-02,3.94E-02
"445U","444U",7.08E-02,5.44E-02,4.19E-02,2.81E-02