region,pos,chi2,log_n_H2_fit,T_k_fit,log_N_dv_fit,log_n_H2_table1a,T_k_table1a,delta_log_n,T_B_obs,T_B_theor,eta_f,K_predicted,K_required,physically_consistent,R21_11_predicted,R21_11_theor,R21_11_observed,pinned_log_n_lo,pinned_log_n_hi,pinned_T_lo,pinned_T_hi,pinned_ndv_lo,pinned_ndv_hi
OMC,OMC2,0.5056449058593047,7.5,34.45833333333333,15.092134831460674,7.391,25.9,0.10899999999999999,4.752,6.602787367371334,0.7196960519253917,623.3821857914844,4.196666666666666,True,0.054625567607483945,,,False,True,False,False,False,False
OMC,S1,20.975586474935234,7.5,26.333333333333332,15.395505617977529,7.576,19.01,-0.07599999999999962,9.413,10.959081729903321,0.8589223287125755,729.9512481413694,3.1466666666666665,True,0.05899009835813224,,,False,True,False,False,False,False
OMC,S2,6.190040474737572,7.319095477386934,29.583333333333332,15.355056179775282,6.743,23.77,0.576095477386934,5.132,10.825260929860484,0.47407633250149667,159.55480297263085,2.1233333333333335,True,0.054598129803688174,,,False,False,False,False,False,False
OMC,S3,1.036180178853229,7.5,35.541666666666664,15.395505617977529,7.135,26.33,0.3650000000000002,7.115,10.891381855230428,0.6532688041401399,656.2252045267354,5.0200000000000005,True,0.08102025328501812,0.052,0.015,False,True,False,False,False,False
OMC,S4,1.3075880946660783,7.5,38.25,15.395505617977529,7.317,27.82,0.18299999999999983,6.558,10.662407008870998,0.6150581191042342,421.612664811768,3.686666666666667,True,0.0867660985856302,0.068,0.028,False,True,False,False,False,False
S106,"0,0",0.17949204368119392,7.238693467336684,27.416666666666664,15.557303370786517,6.255,21.81,0.9836934673366837,4.713,13.468849675310636,0.3499185241215711,350.9129382843634,4.9,True,0.0686535795452331,0.018,0.014,False,False,False,False,False,False
W48,"-80,40",0.6401751539882974,7.158291457286432,25.25,15.314606741573034,6.143,20.76,1.0152914572864322,1.56,10.08229225086992,0.15472671900235785,4862.77467012829,5.300000000000001,True,0.03770309220702041,,,False,False,False,False,False,False
W48,"-80,80",0.18899592802488935,7.5,24.708333333333332,15.253932584269663,7.227,18.88,0.2729999999999997,2.6,9.11185103219777,0.28534268073661456,21774.257903694397,5.733333333333333,True,0.043536404689971005,,,False,True,False,False,False,False
W48,"-40,40",0.4091700974348275,7.4798994974874375,30.125,15.638202247191012,6.83,22.34,0.6498994974874375,1.4,14.970509437759373,0.09351719163737003,8642.455760460265,8.866666666666667,True,0.09460038578644704,,,False,True,False,False,False,False
W48,"0,40_45kms",1.8774954585636388,4.263819095477387,48.0,15.334831460674158,5.525,32.2,-1.2611809045226137,1.02,6.216401887819234,0.1640820555695804,4.241946510047282,6.5,False,0.0002862625117075575,,,False,False,False,True,False,False
W48,"0,80",0.09046336068824967,7.198492462311558,32.83333333333333,15.658426966292136,6.425,25.68,0.773492462311558,1.43,15.66386866760779,0.09129290026270322,3151.203619121504,6.8999999999999995,True,0.09267676211579996,,,False,False,False,False,False,False
W48,"80,-80",0.3877562383180815,7.278894472361809,24.166666666666664,15.294382022471911,6.218,19.86,1.0608944723618094,0.81,9.709195987065055,0.08342606340206868,2774.79518772796,4.066666666666666,True,0.038203140948158174,,,False,False,False,False,False,False
S87,"0,0_21.0kms",0.29890625855969344,7.258793969849246,31.75,15.698876404494383,6.477,23.99,0.7817939698492458,1.097,16.01582955734573,0.06849473491660982,269.8154651046902,4.533333333333334,True,0.1009199763838925,,,False,False,False,False,False,False
S87,"0,0_23.5kms",1.9060804126515052,7.5,37.70833333333333,15.557303370786517,7.258,26.03,0.242,1.279,13.592295305733325,0.09409742587482696,819.812937091751,6.833333333333333,True,0.10320579402533026,,,False,True,False,False,False,False
S106,"200,80",0.10245775186144626,7.5,24.166666666666664,15.537078651685395,7.099,17.72,0.4009999999999998,1.32,12.354015432425479,0.10684785098579425,229.41875824420217,5.066666666666667,True,0.06671590589594978,,,False,True,False,False,False,False
S106,"200,40",2.3418020361362397,7.258793969849246,27.958333333333332,15.476404494382024,6.528,21.89,0.7307939698492465,3.04,12.305148752732244,0.24705105652014134,247.5379222717412,4.766666666666667,True,0.062821115035807,,,False,False,False,False,False,False
S106,"160,40",0.18030292553518756,7.298994974874372,31.208333333333332,15.4561797752809,6.77,23.78,0.5289949748743723,2.49,12.335662620187819,0.20185376956767712,265.4794610286695,6.366666666666666,True,0.06463263365342882,,,False,False,False,False,False,False
S106,"160,0",0.38170063840485025,7.21859296482412,27.958333333333332,15.274157303370787,6.296,23.05,0.92259296482412,1.96,9.532189408338043,0.20561907826606332,207.50973620022117,5.2666666666666675,True,0.04270781851127118,,,False,False,False,False,False,False
S106,"90,30",0.20046092133704616,4.685929648241206,48.0,14.991011235955057,4.96,34.25,-0.2740703517587937,0.55,4.9425461982124625,0.11127867660577757,0.28779616730864793,7.9,False,0.0003545161681824625,,,False,False,False,True,False,False
S106,"40,0",0.4941589849033693,7.158291457286432,34.45833333333333,15.4561797752809,6.499,27.46,0.6592914572864323,0.84,12.402068350057256,0.06773063784930052,48.269826627242054,5.2666666666666675,True,0.06435267678589483,,,False,False,False,False,False,False
S106,"0,40",0.2720307705181746,7.319095477386934,27.416666666666664,15.435955056179775,6.537,21.91,0.7820954773869344,1.38,11.71642455127083,0.11778337273125847,175.01677766550492,6.033333333333334,True,0.05970821261887632,,,False,False,False,False,False,False
S106,"0,-40",0.07276568491236848,3.680904522613065,35.541666666666664,14.768539325842697,4.839,22.5,-1.1580954773869352,1.42,1.4410544643595016,0.9853895429491212,0.28710514483483873,6.666666666666667,False,0.0012285788446844725,,,False,False,False,False,False,False
S106,"-40,0",4.6645373542020785,7.057788944723618,24.708333333333332,15.476404494382024,5.496,20.73,1.5617889447236175,3.57,11.992135278603506,0.2976951074234154,179.77895741189226,4.033333333333333,True,0.04790200591880901,,,False,False,False,False,False,False
