label,log_n_true,T_true,snr,raw_bias_dex,raw_scatter_dex,raw_frac_within_tol,raw_passed,filt_bias_dex,filt_scatter_dex,filt_frac_within_tol,filt_passed,n_fellback,n_fail,n_total
low density,4.0,24.0,100,0.002512562814070307,1.32915362823122,0.63,False,2.384422110552764,1.219571843280337,0.43,False,0,0,200
low density,4.0,24.0,50,0.8266331658291453,1.4879235894919,0.475,False,2.1532663316582914,1.2021461747092348,0.305,False,0,0,200
low density,4.0,24.0,20,2.0125628140703515,1.6426820548188588,0.34,False,2.0125628140703515,1.1130605669328908,0.085,False,27,0,200
low density,4.0,24.0,10,1.992462311557789,1.6764342537891528,0.41,False,2.0125628140703515,1.2766531544178052,0.145,False,98,0,200
low density,4.0,24.0,5,2.5351758793969843,1.6305460239917005,0.29,False,2.9974874371859297,1.3458304591429602,0.165,False,90,0,200
mid density (worst interpolation region),5.5,24.0,100,0.2311557788944718,0.8353426171022726,0.545,False,0.36180904522613133,0.6303516866859769,0.49,False,71,0,200
mid density (worst interpolation region),5.5,24.0,50,0.2311557788944718,1.167196287284699,0.415,False,0.37185929648241256,0.9343023849058433,0.435,False,76,0,200
mid density (worst interpolation region),5.5,24.0,20,0.1909547738693469,1.630060484894513,0.195,False,0.25125628140703515,1.1868141450767122,0.455,False,83,0,200
mid density (worst interpolation region),5.5,24.0,10,-0.07035175879396949,1.7225320721183324,0.075,False,0.25125628140703515,1.49705365880181,0.28,False,125,0,200
mid density (worst interpolation region),5.5,24.0,5,0.5125628140703515,1.6771320038353963,0.07,False,0.5125628140703515,1.4701726535072084,0.17,False,134,0,200
high density,7.0,24.0,100,-0.1130653266331656,1.3126313940851642,0.625,False,-0.06281407035175857,1.1237020446696795,0.715,True,103,0,200
high density,7.0,24.0,50,-0.6557788944723626,1.5338853880677277,0.475,False,-0.2236180904522609,1.3235748782451864,0.62,False,94,0,200
high density,7.0,24.0,20,-0.9874371859296485,1.6578357832899058,0.41,False,-0.9874371859296485,1.1843460852321877,0.445,False,91,0,200
high density,7.0,24.0,10,-0.9974874371859297,1.704647261845094,0.315,False,-0.9874371859296485,1.515556132629781,0.315,False,151,0,200
high density,7.0,24.0,5,-0.9874371859296485,1.648442088506177,0.39,False,-0.9874371859296485,1.4658418075434692,0.41,False,129,0,200
