region,pos,chi2,log_n_H2_fit,T_k_fit,log_N_dv_fit,log_n_H2_table1a,T_k_table1a,delta_log_n,T_B_obs,T_B_theor,eta_f,K_predicted,K_required,physically_consistent,R21_11_predicted,R21_11_theor,R21_11_observed,any_maser_at_fit,pinned_log_n_lo,pinned_log_n_hi,pinned_T_lo,pinned_T_hi
OMC,OMC2,1.0901914418689418,7.210144927536232,25.714285714285715,14.411428571428573,7.391,25.9,-0.18085507246376764,4.752,7.327900728726471,0.6484804005834095,386.15961437013505,4.196666666666666,True,0.0294461059685223,,,True,False,False,False,False
OMC,S1,18.887536939325745,7.5,18.551020408163264,14.668571428571427,7.576,19.01,-0.07599999999999962,9.413,9.93070229962733,0.9478685108054485,1143.4734670612706,3.1466666666666665,True,0.039642734575051,,,False,False,True,False,False
OMC,S2,3.195949058518327,6.398550724637682,24.12244897959184,14.617142857142856,6.743,23.77,-0.34444927536231873,5.132,10.569767248797197,0.48553576244396524,24.06377670589837,2.1233333333333335,True,0.0098031975493273,,,True,False,False,False,False
OMC,S3,5.262200164576114,7.268115942028985,24.918367346938776,14.668571428571427,7.135,26.33,0.13311594202898558,7.115,10.976000080974,0.6482325025063795,544.5351735791646,5.0200000000000005,True,0.0518598643652919,0.052,0.015,False,False,False,False,False
OMC,S4,6.77047908813492,7.326086956521739,27.306122448979597,14.668571428571427,7.317,27.82,0.009086956521739076,6.558,11.063199320622422,0.5927760867306731,381.37000311069136,3.686666666666667,True,0.0633416071317062,0.068,0.028,True,False,False,False,False
S106,"0,0",2.0420969986638577,5.239130434782608,21.73469387755102,14.822857142857144,6.255,21.81,-1.0158695652173915,4.713,12.548729977496164,0.3755758557600568,4.755850610665372,4.9,False,0.0014903076871067,0.018,0.014,False,False,False,False,False
W48,"-80,40",0.19214718069132883,5.239130434782608,20.142857142857142,14.617142857142856,6.143,20.76,-0.9038695652173914,1.56,9.496404622761988,0.16427269708588732,77.95850540172512,5.300000000000001,True,0.0006019900193756,,,False,False,False,False,False
W48,"-80,80",0.5832640547915463,7.268115942028985,18.551020408163264,14.565714285714286,7.227,18.88,0.04111594202898505,2.6,8.773231318943264,0.29635602954934626,17659.64559773814,5.733333333333333,True,0.0248628926232488,,,False,False,False,False,False
W48,"-40,40",0.9858591636988072,3.5,29.693877551020407,14.36,6.83,22.34,-3.33,1.4,2.29492903749174,0.610040649243839,5.990528356189279,8.866666666666667,False,3.851942304073999e-05,,,True,True,False,False,False
W48,"0,40_45kms",1.1480515782656853,5.297101449275362,31.285714285714285,14.925714285714283,5.525,32.2,-0.22789855072463805,1.02,16.74391025672193,0.06091767002815342,26.087045774915886,6.5,True,0.0039594258349994,,,True,False,False,False,False
W48,"0,80",0.1844195888810356,6.340579710144928,24.918367346938776,14.925714285714283,6.425,25.68,-0.0844202898550721,1.43,15.703953038628184,0.09105987495521174,574.4459231278332,6.8999999999999995,True,0.0260894217387069,,,True,False,False,False,False
W48,"80,-80",0.27427657735554556,5.297101449275362,19.346938775510203,14.617142857142856,6.218,19.86,-0.9208985507246377,0.81,9.394339911957946,0.086222130303052,37.355916998377445,4.066666666666666,True,0.0006415464800224,,,False,False,False,False,False
S87,"0,0_21.0kms",0.2767767985491605,6.398550724637682,23.3265306122449,14.977142857142857,6.477,23.99,-0.07844927536231872,1.097,15.82179381149582,0.06933474251212529,51.28742448471467,4.533333333333334,True,0.032050203832004,,,False,False,False,False,False
S87,"0,0_23.5kms",2.781612826504701,7.5,24.12244897959184,14.822857142857144,7.258,26.03,0.242,1.279,13.157906565625144,0.09720391261489654,1323.8436959641476,6.833333333333333,True,0.0834288501482681,,,False,False,True,False,False
S106,"200,80",0.1552591892400038,7.5,16.95918367346939,14.822857142857144,7.099,17.72,0.4009999999999998,1.32,11.059450290570302,0.1193549376613665,365.18701885215427,5.066666666666667,True,0.0455965051974459,,,False,False,True,False,False
S106,"200,40",5.680632593327637,6.5724637681159415,20.93877551020408,14.771428571428572,6.528,21.89,0.04446376811594188,3.04,12.17079367118244,0.24977828744217406,68.80809043190321,4.766666666666667,True,0.0186401460094586,,,False,False,False,False,False
S106,"160,40",1.0398006077652477,6.920289855072464,22.53061224489796,14.72,6.77,23.78,0.15028985507246428,2.49,11.686101796857043,0.213073618840945,162.29913602444643,6.366666666666666,True,0.0316031818507766,,,False,False,False,False,False
S106,"160,0",0.35940675962243473,5.065217391304348,22.53061224489796,14.565714285714286,6.296,23.05,-1.2307826086956526,1.96,8.96302724616189,0.21867611758508299,1.9237079360226277,5.2666666666666675,False,0.0004128406195733,,,False,False,False,False,False
S106,"90,30",0.7113701576992105,6.630434782608695,29.693877551020407,14.411428571428573,4.96,34.25,1.6704347826086954,0.55,7.656251063207978,0.07183672471805665,26.430113944218245,7.9,True,0.0123690516946785,,,True,False,False,False,False
S106,"40,0",0.014022083436792895,4.253623188405797,29.693877551020407,14.462857142857144,6.499,27.46,-2.2453768115942028,0.84,5.830933471829431,0.14405926667800817,0.1483852930559377,5.2666666666666675,False,0.0001134960407866,,,False,False,False,False,False
S106,"0,40",0.7889621060285648,4.021739130434782,24.12244897959184,14.462857142857144,6.537,21.91,-2.5152608695652177,1.38,4.768619781473627,0.28939191280491317,0.24644442389051835,6.033333333333334,False,6.106838726614011e-05,,,False,False,False,False,False
S106,"0,-40",0.14339918105258617,4.717391304347826,20.93877551020408,14.565714285714286,4.839,22.5,-0.12160869565217425,1.42,8.015474281080479,0.1771573272154003,0.9529397337920475,6.666666666666667,False,0.0001891467503338,,,False,False,False,False,False
S106,"-40,0",2.642232822680046,4.949275362318841,20.142857142857142,14.771428571428572,5.496,20.73,-0.5467246376811596,3.57,10.825241614278337,0.32978478700107916,1.902858851133721,4.033333333333333,False,0.0006088710157901,,,False,False,False,False,False
