region,pos,logn_020,chi2_020,consistent_020,logn_030,chi2_030,consistent_030,logn_050,chi2_050,consistent_050,logn_080,chi2_080,consistent_080
OMC,OMC2,7.5,1.559454352428745,True,7.5,1.53220320399475,True,7.5,1.6119053512633772,True,7.5,3.4712780779686065,True
OMC,S1,7.5,23.48122012054461,False,7.5,23.7861288455646,True,7.5,24.70858280500918,False,7.5,24.91965418040008,False
OMC,S2,7.210144927536232,3.51737152612522,True,7.210144927536232,3.565387505603899,True,7.210144927536232,3.484451119639224,True,7.210144927536232,3.48678372342365,True
OMC,S3,7.5,5.491604099397952,True,7.5,5.503280564240716,True,7.5,5.750146411713619,True,7.5,5.793179852560104,True
OMC,S4,7.5,7.426305854486775,True,7.5,7.245690900626476,True,7.5,7.311086864730034,True,7.5,7.296464021544599,True
S106,"0,0",6.920289855072464,1.5695858094835824,True,6.920289855072464,1.8483718765023407,True,6.920289855072464,1.5718980361969783,True,6.920289855072464,1.5863290401965269,True
W48,"-80,40",7.036231884057971,0.2035516376372606,True,7.036231884057971,0.2233693753913978,True,7.036231884057971,0.2123344189271461,True,7.036231884057971,0.214357094108884,True
W48,"-80,80",7.5,0.5986972306575877,True,7.5,0.6252329271798266,True,7.5,0.5836632804970032,True,7.5,0.584978001820941,True
W48,"-40,40",7.210144927536232,0.99675170226814,True,7.210144927536232,0.9563110390878188,True,7.210144927536232,1.001916357623116,True,7.210144927536232,0.9943518708068708,True
W48,"0,40_45kms",6.630434782608695,1.2335444662223882,True,6.688405797101449,1.2452404742417464,True,6.630434782608695,1.2356118704524297,True,6.630434782608695,1.2365386134829035,True
W48,"0,80",6.978260869565217,0.1703122181145285,True,6.978260869565217,0.1688183794351238,True,6.978260869565217,0.1595000509309218,True,6.978260869565217,0.1593687973494517,True
W48,"80,-80",7.094202898550725,0.2913860722069752,True,7.094202898550725,0.2903588472315828,True,7.094202898550725,0.2940555195827327,True,7.094202898550725,0.2943448809000861,True
S87,"0,0_21.0kms",6.920289855072464,0.2479051268770868,True,6.920289855072464,0.29012373542659,True,6.920289855072464,0.2510279725358111,True,6.920289855072464,0.2532203846704295,True
S87,"0,0_23.5kms",7.5,2.8941135048091624,True,7.5,2.8645819314677463,True,7.5,2.864828959398886,True,7.5,2.8631681209165345,True
S106,"200,80",7.5,0.1594631515688381,True,7.5,0.1679813203877497,True,7.5,0.1582623754061634,True,7.5,0.1586973163770535,True
S106,"200,40",7.152173913043479,5.448655443070049,True,7.094202898550725,5.486948915720886,True,7.152173913043479,5.434506014723977,True,7.152173913043479,5.437367502811336,True
S106,"160,40",7.326086956521739,1.025887554000325,True,7.326086956521739,1.0059178961729736,True,7.268115942028985,1.0230790837393022,True,7.326086956521739,1.0202760481977848,True
S106,"160,0",7.152173913043479,0.2732926013144255,True,7.152173913043479,0.3060982548027129,True,7.152173913043479,0.3076491361722518,True,7.152173913043479,0.3142723935638962,True
S106,"90,30",7.384057971014492,0.6660321498282264,True,7.384057971014492,0.6662537476463104,True,7.384057971014492,0.6676681847639291,True,7.384057971014492,0.7113934361819333,True
S106,"40,0",7.094202898550725,0.0453387818767874,True,7.094202898550725,0.0524233011607176,True,7.094202898550725,0.0505488501908693,True,7.094202898550725,0.051617472823445,True
S106,"0,40",7.152173913043479,0.7830701680675547,True,7.152173913043479,0.9018766569714932,True,7.152173913043479,0.794795876218647,True,7.152173913043479,0.8010006693932734,True
S106,"0,-40",6.920289855072464,0.1235415603027672,True,6.920289855072464,0.1277506065588113,True,6.920289855072464,0.1258139344967851,True,6.920289855072464,0.1263113493614099,True
S106,"-40,0",6.804347826086957,1.1196171103696089,True,6.804347826086957,1.6301805539982948,True,6.804347826086957,1.436496229371772,True,6.804347826086957,1.503745508752814,True
