Source,Transition,Noise_Floor_rms_K,Main_Line_K,Outer_Blue_Sat_K,Inner_Blue_Sat_K,Inner_Red_Sat_K,Outer_Red_Sat_K
W33 Main1,(1+1),0.035,4.00,1.40,2.10,2.10,2.30
W33 Main1,(2+2),0.035,2.25,non-detection,0.15,0.20,0.18
W33 Main1,(2+1),0.040,non-detection,non-detection,non-detection,non-detection,non-detection
W33 Main1,(3+2),0.035,non-detection,non-detection,non-detection,non-detection,non-detection
W33 A,(1+1),0.045,5.00,1.70,2.45,2.35,2.20
W33 A,(2+2),0.040,3.75,non-detection,0.45,0.40,0.35
W33 A,(2+1),0.040,0.45,non-detection,non-detection,non-detection,non-detection
W33 A,(3+2),0.035,0.26,non-detection,non-detection,non-detection,non-detection
W33 A1,(1+1),0.045,3.05,1.10,1.50,1.60,1.65
W33 A1,(2+2),0.045,1.70,non-detection,0.16,0.18,non-detection
W33 A1,(2+1),0.045,non-detection,non-detection,non-detection,non-detection,non-detection
W33 A1,(3+2),0.040,non-detection,non-detection,non-detection,non-detection,non-detection
W33 B,(1+1),0.035,3.15,1.50,1.95,1.70,1.80
W33 B,(2+2),0.035,2.25,0.20,0.22,0.23,0.25
W33 B,(2+1),0.040,0.37,non-detection,non-detection,non-detection,non-detection
W33 B,(3+2),0.040,0.16,non-detection,non-detection,non-detection,non-detection
W33 B1,(1+1),0.045,1.40,0.35,0.50,0.60,0.70
W33 B1,(2+2),0.040,0.62,non-detection,non-detection,non-detection,non-detection
W33 B1,(2+1),0.040,non-detection,non-detection,non-detection,non-detection,non-detection
W33 B1,(3+2),0.040,non-detection,non-detection,non-detection,non-detection,non-detection